DATAFLOW,LAST UPDATE,freq,indic_de,geo,TIME_PERIOD,OBS_VALUE,OBS_FLAG,CONF_STATUS
ESTAT:TPS00198(1.0),25/03/26 23:00:00,Annual,Old-age dependency ratio 1st variant (population 65 years or over to population 15 to 64 years),Andorra,2019,18.7,,
ESTAT:TPS00198(1.0),25/03/26 23:00:00,Annual,Old-age dependency ratio 1st variant (population 65 years or over to population 15 to 64 years),Albania,2014,17.5,,
ESTAT:TPS00198(1.0),25/03/26 23:00:00,Annual,Old-age dependency ratio 1st variant (population 65 years or over to population 15 to 64 years),Albania,2015,18.2,,
ESTAT:TPS00198(1.0),25/03/26 23:00:00,Annual,Old-age dependency ratio 1st variant (population 65 years or over to population 15 to 64 years),Albania,2016,18.6,,
ESTAT:TPS00198(1.0),25/03/26 23:00:00,Annual,Old-age dependency ratio 1st variant (population 65 years or over to population 15 to 64 years),Albania,2017,19.1,,
ESTAT:TPS00198(1.0),25/03/26 23:00:00,Annual,Old-age dependency ratio 1st variant (population 65 years or over to population 15 to 64 years),Albania,2018,19.7,,
ESTAT:TPS00198(1.0),25/03/26 23:00:00,Annual,Old-age dependency ratio 1st variant (population 65 years or over to population 15 to 64 years),Albania,2019,20.5,,
ESTAT:TPS00198(1.0),25/03/26 23:00:00,Annual,Old-age dependency ratio 1st variant (population 65 years or over to population 15 to 64 years),Albania,2020,21.6,,
ESTAT:TPS00198(1.0),25/03/26 23:00:00,Annual,Old-age dependency ratio 1st variant (population 65 years or over to population 15 to 64 years),Albania,2021,22.3,,
ESTAT:TPS00198(1.0),25/03/26 23:00:00,Annual,Old-age dependency ratio 1st variant (population 65 years or over to population 15 to 64 years),Albania,2022,23.1,,
ESTAT:TPS00198(1.0),25/03/26 23:00:00,Annual,Old-age dependency ratio 1st variant (population 65 years or over to population 15 to 64 years),Albania,2023,24.4,,
ESTAT:TPS00198(1.0),25/03/26 23:00:00,Annual,Old-age dependency ratio 1st variant (population 65 years or over to population 15 to 64 years),Albania,2025,33.3,,
ESTAT:TPS00198(1.0),25/03/26 23:00:00,Annual,Old-age dependency ratio 1st variant (population 65 years or over to population 15 to 64 years),Armenia,2015,15.4,,
ESTAT:TPS00198(1.0),25/03/26 23:00:00,Annual,Old-age dependency ratio 1st variant (population 65 years or over to population 15 to 64 years),Armenia,2016,15.8,,
ESTAT:TPS00198(1.0),25/03/26 23:00:00,Annual,Old-age dependency ratio 1st variant (population 65 years or over to population 15 to 64 years),Armenia,2017,16.3,,
ESTAT:TPS00198(1.0),25/03/26 23:00:00,Annual,Old-age dependency ratio 1st variant (population 65 years or over to population 15 to 64 years),Armenia,2018,17.0,,
ESTAT:TPS00198(1.0),25/03/26 23:00:00,Annual,Old-age dependency ratio 1st variant (population 65 years or over to population 15 to 64 years),Armenia,2019,17.6,,
ESTAT:TPS00198(1.0),25/03/26 23:00:00,Annual,Old-age dependency ratio 1st variant (population 65 years or over to population 15 to 64 years),Armenia,2020,18.3,,
ESTAT:TPS00198(1.0),25/03/26 23:00:00,Annual,Old-age dependency ratio 1st variant (population 65 years or over to population 15 to 64 years),Armenia,2021,18.7,,
ESTAT:TPS00198(1.0),25/03/26 23:00:00,Annual,Old-age dependency ratio 1st variant (population 65 years or over to population 15 to 64 years),Armenia,2024,26.1,,
ESTAT:TPS00198(1.0),25/03/26 23:00:00,Annual,Old-age dependency ratio 1st variant (population 65 years or over to population 15 to 64 years),Austria,2014,27.2,,
ESTAT:TPS00198(1.0),25/03/26 23:00:00,Annual,Old-age dependency ratio 1st variant (population 65 years or over to population 15 to 64 years),Austria,2015,27.4,,
ESTAT:TPS00198(1.0),25/03/26 23:00:00,Annual,Old-age dependency ratio 1st variant (population 65 years or over to population 15 to 64 years),Austria,2016,27.4,,
ESTAT:TPS00198(1.0),25/03/26 23:00:00,Annual,Old-age dependency ratio 1st variant (population 65 years or over to population 15 to 64 years),Austria,2017,27.6,,
ESTAT:TPS00198(1.0),25/03/26 23:00:00,Annual,Old-age dependency ratio 1st variant (population 65 years or over to population 15 to 64 years),Austria,2018,27.9,,
ESTAT:TPS00198(1.0),25/03/26 23:00:00,Annual,Old-age dependency ratio 1st variant (population 65 years or over to population 15 to 64 years),Austria,2019,28.2,,
ESTAT:TPS00198(1.0),25/03/26 23:00:00,Annual,Old-age dependency ratio 1st variant (population 65 years or over to population 15 to 64 years),Austria,2020,28.6,,
ESTAT:TPS00198(1.0),25/03/26 23:00:00,Annual,Old-age dependency ratio 1st variant (population 65 years or over to population 15 to 64 years),Austria,2021,28.9,,
ESTAT:TPS00198(1.0),25/03/26 23:00:00,Annual,Old-age dependency ratio 1st variant (population 65 years or over to population 15 to 64 years),Austria,2022,29.4,,
ESTAT:TPS00198(1.0),25/03/26 23:00:00,Annual,Old-age dependency ratio 1st variant (population 65 years or over to population 15 to 64 years),Austria,2023,29.6,,
ESTAT:TPS00198(1.0),25/03/26 23:00:00,Annual,Old-age dependency ratio 1st variant (population 65 years or over to population 15 to 64 years),Austria,2024,30.2,,
ESTAT:TPS00198(1.0),25/03/26 23:00:00,Annual,Old-age dependency ratio 1st variant (population 65 years or over to population 15 to 64 years),Austria,2025,30.9,,
ESTAT:TPS00198(1.0),25/03/26 23:00:00,Annual,Old-age dependency ratio 1st variant (population 65 years or over to population 15 to 64 years),Azerbaijan,2014,8.1,,
ESTAT:TPS00198(1.0),25/03/26 23:00:00,Annual,Old-age dependency ratio 1st variant (population 65 years or over to population 15 to 64 years),Azerbaijan,2015,8.3,,
ESTAT:TPS00198(1.0),25/03/26 23:00:00,Annual,Old-age dependency ratio 1st variant (population 65 years or over to population 15 to 64 years),Azerbaijan,2016,8.6,,
ESTAT:TPS00198(1.0),25/03/26 23:00:00,Annual,Old-age dependency ratio 1st variant (population 65 years or over to population 15 to 64 years),Azerbaijan,2017,8.9,,
ESTAT:TPS00198(1.0),25/03/26 23:00:00,Annual,Old-age dependency ratio 1st variant (population 65 years or over to population 15 to 64 years),Azerbaijan,2018,9.2,,
ESTAT:TPS00198(1.0),25/03/26 23:00:00,Annual,Old-age dependency ratio 1st variant (population 65 years or over to population 15 to 64 years),Azerbaijan,2019,9.6,,
ESTAT:TPS00198(1.0),25/03/26 23:00:00,Annual,Old-age dependency ratio 1st variant (population 65 years or over to population 15 to 64 years),Azerbaijan,2020,10.2,,
ESTAT:TPS00198(1.0),25/03/26 23:00:00,Annual,Old-age dependency ratio 1st variant (population 65 years or over to population 15 to 64 years),Azerbaijan,2021,10.6,,
ESTAT:TPS00198(1.0),25/03/26 23:00:00,Annual,Old-age dependency ratio 1st variant (population 65 years or over to population 15 to 64 years),Azerbaijan,2022,11.3,,
ESTAT:TPS00198(1.0),25/03/26 23:00:00,Annual,Old-age dependency ratio 1st variant (population 65 years or over to population 15 to 64 years),Azerbaijan,2023,12.2,,
ESTAT:TPS00198(1.0),25/03/26 23:00:00,Annual,Old-age dependency ratio 1st variant (population 65 years or over to population 15 to 64 years),Azerbaijan,2024,13.1,,
ESTAT:TPS00198(1.0),25/03/26 23:00:00,Annual,Old-age dependency ratio 1st variant (population 65 years or over to population 15 to 64 years),Azerbaijan,2025,14.2,,
ESTAT:TPS00198(1.0),25/03/26 23:00:00,Annual,Old-age dependency ratio 1st variant (population 65 years or over to population 15 to 64 years),Belgium,2014,27.4,,
ESTAT:TPS00198(1.0),25/03/26 23:00:00,Annual,Old-age dependency ratio 1st variant (population 65 years or over to population 15 to 64 years),Belgium,2015,27.8,,
ESTAT:TPS00198(1.0),25/03/26 23:00:00,Annual,Old-age dependency ratio 1st variant (population 65 years or over to population 15 to 64 years),Belgium,2016,28.2,,
ESTAT:TPS00198(1.0),25/03/26 23:00:00,Annual,Old-age dependency ratio 1st variant (population 65 years or over to population 15 to 64 years),Belgium,2017,28.6,,
ESTAT:TPS00198(1.0),25/03/26 23:00:00,Annual,Old-age dependency ratio 1st variant (population 65 years or over to population 15 to 64 years),Belgium,2018,29.1,,
ESTAT:TPS00198(1.0),25/03/26 23:00:00,Annual,Old-age dependency ratio 1st variant (population 65 years or over to population 15 to 64 years),Belgium,2019,29.5,,
ESTAT:TPS00198(1.0),25/03/26 23:00:00,Annual,Old-age dependency ratio 1st variant (population 65 years or over to population 15 to 64 years),Belgium,2020,29.9,,
ESTAT:TPS00198(1.0),25/03/26 23:00:00,Annual,Old-age dependency ratio 1st variant (population 65 years or over to population 15 to 64 years),Belgium,2021,30.2,,
ESTAT:TPS00198(1.0),25/03/26 23:00:00,Annual,Old-age dependency ratio 1st variant (population 65 years or over to population 15 to 64 years),Belgium,2022,30.6,,
ESTAT:TPS00198(1.0),25/03/26 23:00:00,Annual,Old-age dependency ratio 1st variant (population 65 years or over to population 15 to 64 years),Belgium,2023,30.8,,
ESTAT:TPS00198(1.0),25/03/26 23:00:00,Annual,Old-age dependency ratio 1st variant (population 65 years or over to population 15 to 64 years),Belgium,2024,31.3,,
ESTAT:TPS00198(1.0),25/03/26 23:00:00,Annual,Old-age dependency ratio 1st variant (population 65 years or over to population 15 to 64 years),Belgium,2025,31.8,,
ESTAT:TPS00198(1.0),25/03/26 23:00:00,Annual,Old-age dependency ratio 1st variant (population 65 years or over to population 15 to 64 years),Bulgaria,2014,30.1,,
ESTAT:TPS00198(1.0),25/03/26 23:00:00,Annual,Old-age dependency ratio 1st variant (population 65 years or over to population 15 to 64 years),Bulgaria,2015,31.2,,
ESTAT:TPS00198(1.0),25/03/26 23:00:00,Annual,Old-age dependency ratio 1st variant (population 65 years or over to population 15 to 64 years),Bulgaria,2016,32.4,,
ESTAT:TPS00198(1.0),25/03/26 23:00:00,Annual,Old-age dependency ratio 1st variant (population 65 years or over to population 15 to 64 years),Bulgaria,2017,33.4,,
ESTAT:TPS00198(1.0),25/03/26 23:00:00,Annual,Old-age dependency ratio 1st variant (population 65 years or over to population 15 to 64 years),Bulgaria,2018,34.3,,
ESTAT:TPS00198(1.0),25/03/26 23:00:00,Annual,Old-age dependency ratio 1st variant (population 65 years or over to population 15 to 64 years),Bulgaria,2019,35.4,,
ESTAT:TPS00198(1.0),25/03/26 23:00:00,Annual,Old-age dependency ratio 1st variant (population 65 years or over to population 15 to 64 years),Bulgaria,2020,36.3,,
ESTAT:TPS00198(1.0),25/03/26 23:00:00,Annual,Old-age dependency ratio 1st variant (population 65 years or over to population 15 to 64 years),Bulgaria,2021,36.7,,
ESTAT:TPS00198(1.0),25/03/26 23:00:00,Annual,Old-age dependency ratio 1st variant (population 65 years or over to population 15 to 64 years),Bulgaria,2022,37.5,,
ESTAT:TPS00198(1.0),25/03/26 23:00:00,Annual,Old-age dependency ratio 1st variant (population 65 years or over to population 15 to 64 years),Bulgaria,2023,37.7,,
ESTAT:TPS00198(1.0),25/03/26 23:00:00,Annual,Old-age dependency ratio 1st variant (population 65 years or over to population 15 to 64 years),Bulgaria,2024,38.2,,
ESTAT:TPS00198(1.0),25/03/26 23:00:00,Annual,Old-age dependency ratio 1st variant (population 65 years or over to population 15 to 64 years),Bulgaria,2025,38.7,,
ESTAT:TPS00198(1.0),25/03/26 23:00:00,Annual,Old-age dependency ratio 1st variant (population 65 years or over to population 15 to 64 years),Belarus,2014,19.8,,
ESTAT:TPS00198(1.0),25/03/26 23:00:00,Annual,Old-age dependency ratio 1st variant (population 65 years or over to population 15 to 64 years),Belarus,2015,20.4,,
ESTAT:TPS00198(1.0),25/03/26 23:00:00,Annual,Old-age dependency ratio 1st variant (population 65 years or over to population 15 to 64 years),Belarus,2016,20.9,,
ESTAT:TPS00198(1.0),25/03/26 23:00:00,Annual,Old-age dependency ratio 1st variant (population 65 years or over to population 15 to 64 years),Belarus,2017,21.4,,
ESTAT:TPS00198(1.0),25/03/26 23:00:00,Annual,Old-age dependency ratio 1st variant (population 65 years or over to population 15 to 64 years),Belarus,2018,21.9,,
ESTAT:TPS00198(1.0),25/03/26 23:00:00,Annual,Old-age dependency ratio 1st variant (population 65 years or over to population 15 to 64 years),Belarus,2019,22.4,,
ESTAT:TPS00198(1.0),25/03/26 23:00:00,Annual,Old-age dependency ratio 1st variant (population 65 years or over to population 15 to 64 years),Switzerland,2014,26.1,,
ESTAT:TPS00198(1.0),25/03/26 23:00:00,Annual,Old-age dependency ratio 1st variant (population 65 years or over to population 15 to 64 years),Switzerland,2015,26.4,,
ESTAT:TPS00198(1.0),25/03/26 23:00:00,Annual,Old-age dependency ratio 1st variant (population 65 years or over to population 15 to 64 years),Switzerland,2016,26.7,,
ESTAT:TPS00198(1.0),25/03/26 23:00:00,Annual,Old-age dependency ratio 1st variant (population 65 years or over to population 15 to 64 years),Switzerland,2017,27.0,,
ESTAT:TPS00198(1.0),25/03/26 23:00:00,Annual,Old-age dependency ratio 1st variant (population 65 years or over to population 15 to 64 years),Switzerland,2018,27.4,,
ESTAT:TPS00198(1.0),25/03/26 23:00:00,Annual,Old-age dependency ratio 1st variant (population 65 years or over to population 15 to 64 years),Switzerland,2019,27.8,,
ESTAT:TPS00198(1.0),25/03/26 23:00:00,Annual,Old-age dependency ratio 1st variant (population 65 years or over to population 15 to 64 years),Switzerland,2020,28.1,,
ESTAT:TPS00198(1.0),25/03/26 23:00:00,Annual,Old-age dependency ratio 1st variant (population 65 years or over to population 15 to 64 years),Switzerland,2021,28.4,,
ESTAT:TPS00198(1.0),25/03/26 23:00:00,Annual,Old-age dependency ratio 1st variant (population 65 years or over to population 15 to 64 years),Switzerland,2022,28.9,,
ESTAT:TPS00198(1.0),25/03/26 23:00:00,Annual,Old-age dependency ratio 1st variant (population 65 years or over to population 15 to 64 years),Switzerland,2023,29.2,,
ESTAT:TPS00198(1.0),25/03/26 23:00:00,Annual,Old-age dependency ratio 1st variant (population 65 years or over to population 15 to 64 years),Switzerland,2024,29.4,,
ESTAT:TPS00198(1.0),25/03/26 23:00:00,Annual,Old-age dependency ratio 1st variant (population 65 years or over to population 15 to 64 years),Switzerland,2025,29.8,,
ESTAT:TPS00198(1.0),25/03/26 23:00:00,Annual,Old-age dependency ratio 1st variant (population 65 years or over to population 15 to 64 years),Cyprus,2014,20.0,,
ESTAT:TPS00198(1.0),25/03/26 23:00:00,Annual,Old-age dependency ratio 1st variant (population 65 years or over to population 15 to 64 years),Cyprus,2015,21.0,,
ESTAT:TPS00198(1.0),25/03/26 23:00:00,Annual,Old-age dependency ratio 1st variant (population 65 years or over to population 15 to 64 years),Cyprus,2016,21.7,,
ESTAT:TPS00198(1.0),25/03/26 23:00:00,Annual,Old-age dependency ratio 1st variant (population 65 years or over to population 15 to 64 years),Cyprus,2017,22.5,,
ESTAT:TPS00198(1.0),25/03/26 23:00:00,Annual,Old-age dependency ratio 1st variant (population 65 years or over to population 15 to 64 years),Cyprus,2018,23.2,,
ESTAT:TPS00198(1.0),25/03/26 23:00:00,Annual,Old-age dependency ratio 1st variant (population 65 years or over to population 15 to 64 years),Cyprus,2019,23.8,,
ESTAT:TPS00198(1.0),25/03/26 23:00:00,Annual,Old-age dependency ratio 1st variant (population 65 years or over to population 15 to 64 years),Cyprus,2020,24.4,,
ESTAT:TPS00198(1.0),25/03/26 23:00:00,Annual,Old-age dependency ratio 1st variant (population 65 years or over to population 15 to 64 years),Cyprus,2021,25.0,,
ESTAT:TPS00198(1.0),25/03/26 23:00:00,Annual,Old-age dependency ratio 1st variant (population 65 years or over to population 15 to 64 years),Cyprus,2022,25.4,,
ESTAT:TPS00198(1.0),25/03/26 23:00:00,Annual,Old-age dependency ratio 1st variant (population 65 years or over to population 15 to 64 years),Cyprus,2023,25.8,,
ESTAT:TPS00198(1.0),25/03/26 23:00:00,Annual,Old-age dependency ratio 1st variant (population 65 years or over to population 15 to 64 years),Cyprus,2024,26.5,,
ESTAT:TPS00198(1.0),25/03/26 23:00:00,Annual,Old-age dependency ratio 1st variant (population 65 years or over to population 15 to 64 years),Cyprus,2025,27.4,,
ESTAT:TPS00198(1.0),25/03/26 23:00:00,Annual,Old-age dependency ratio 1st variant (population 65 years or over to population 15 to 64 years),Czechia,2014,25.7,,
ESTAT:TPS00198(1.0),25/03/26 23:00:00,Annual,Old-age dependency ratio 1st variant (population 65 years or over to population 15 to 64 years),Czechia,2015,26.6,,
ESTAT:TPS00198(1.0),25/03/26 23:00:00,Annual,Old-age dependency ratio 1st variant (population 65 years or over to population 15 to 64 years),Czechia,2016,27.6,,
ESTAT:TPS00198(1.0),25/03/26 23:00:00,Annual,Old-age dependency ratio 1st variant (population 65 years or over to population 15 to 64 years),Czechia,2017,28.6,,
ESTAT:TPS00198(1.0),25/03/26 23:00:00,Annual,Old-age dependency ratio 1st variant (population 65 years or over to population 15 to 64 years),Czechia,2018,29.6,,
ESTAT:TPS00198(1.0),25/03/26 23:00:00,Annual,Old-age dependency ratio 1st variant (population 65 years or over to population 15 to 64 years),Czechia,2019,30.4,,
ESTAT:TPS00198(1.0),25/03/26 23:00:00,Annual,Old-age dependency ratio 1st variant (population 65 years or over to population 15 to 64 years),Czechia,2020,31.1,,
ESTAT:TPS00198(1.0),25/03/26 23:00:00,Annual,Old-age dependency ratio 1st variant (population 65 years or over to population 15 to 64 years),Czechia,2021,32.3,b,
ESTAT:TPS00198(1.0),25/03/26 23:00:00,Annual,Old-age dependency ratio 1st variant (population 65 years or over to population 15 to 64 years),Czechia,2022,32.6,,
ESTAT:TPS00198(1.0),25/03/26 23:00:00,Annual,Old-age dependency ratio 1st variant (population 65 years or over to population 15 to 64 years),Czechia,2023,32.1,,
ESTAT:TPS00198(1.0),25/03/26 23:00:00,Annual,Old-age dependency ratio 1st variant (population 65 years or over to population 15 to 64 years),Czechia,2024,32.3,,
ESTAT:TPS00198(1.0),25/03/26 23:00:00,Annual,Old-age dependency ratio 1st variant (population 65 years or over to population 15 to 64 years),Czechia,2025,32.4,,
ESTAT:TPS00198(1.0),25/03/26 23:00:00,Annual,Old-age dependency ratio 1st variant (population 65 years or over to population 15 to 64 years),Germany,2014,31.6,b,
ESTAT:TPS00198(1.0),25/03/26 23:00:00,Annual,Old-age dependency ratio 1st variant (population 65 years or over to population 15 to 64 years),Germany,2015,32.0,,
ESTAT:TPS00198(1.0),25/03/26 23:00:00,Annual,Old-age dependency ratio 1st variant (population 65 years or over to population 15 to 64 years),Germany,2016,32.0,,
ESTAT:TPS00198(1.0),25/03/26 23:00:00,Annual,Old-age dependency ratio 1st variant (population 65 years or over to population 15 to 64 years),Germany,2017,32.4,,
ESTAT:TPS00198(1.0),25/03/26 23:00:00,Annual,Old-age dependency ratio 1st variant (population 65 years or over to population 15 to 64 years),Germany,2018,32.8,,
ESTAT:TPS00198(1.0),25/03/26 23:00:00,Annual,Old-age dependency ratio 1st variant (population 65 years or over to population 15 to 64 years),Germany,2019,33.2,,
ESTAT:TPS00198(1.0),25/03/26 23:00:00,Annual,Old-age dependency ratio 1st variant (population 65 years or over to population 15 to 64 years),Germany,2020,33.7,,
ESTAT:TPS00198(1.0),25/03/26 23:00:00,Annual,Old-age dependency ratio 1st variant (population 65 years or over to population 15 to 64 years),Germany,2021,34.2,,
ESTAT:TPS00198(1.0),25/03/26 23:00:00,Annual,Old-age dependency ratio 1st variant (population 65 years or over to population 15 to 64 years),Germany,2022,34.7,,
ESTAT:TPS00198(1.0),25/03/26 23:00:00,Annual,Old-age dependency ratio 1st variant (population 65 years or over to population 15 to 64 years),Germany,2023,34.9,b,
ESTAT:TPS00198(1.0),25/03/26 23:00:00,Annual,Old-age dependency ratio 1st variant (population 65 years or over to population 15 to 64 years),Germany,2024,35.2,,
ESTAT:TPS00198(1.0),25/03/26 23:00:00,Annual,Old-age dependency ratio 1st variant (population 65 years or over to population 15 to 64 years),Germany,2025,35.9,,
ESTAT:TPS00198(1.0),25/03/26 23:00:00,Annual,Old-age dependency ratio 1st variant (population 65 years or over to population 15 to 64 years),Denmark,2014,28.3,,
ESTAT:TPS00198(1.0),25/03/26 23:00:00,Annual,Old-age dependency ratio 1st variant (population 65 years or over to population 15 to 64 years),Denmark,2015,28.8,,
ESTAT:TPS00198(1.0),25/03/26 23:00:00,Annual,Old-age dependency ratio 1st variant (population 65 years or over to population 15 to 64 years),Denmark,2016,29.3,,
ESTAT:TPS00198(1.0),25/03/26 23:00:00,Annual,Old-age dependency ratio 1st variant (population 65 years or over to population 15 to 64 years),Denmark,2017,29.7,,
ESTAT:TPS00198(1.0),25/03/26 23:00:00,Annual,Old-age dependency ratio 1st variant (population 65 years or over to population 15 to 64 years),Denmark,2018,30.1,,
ESTAT:TPS00198(1.0),25/03/26 23:00:00,Annual,Old-age dependency ratio 1st variant (population 65 years or over to population 15 to 64 years),Denmark,2019,30.6,,
ESTAT:TPS00198(1.0),25/03/26 23:00:00,Annual,Old-age dependency ratio 1st variant (population 65 years or over to population 15 to 64 years),Denmark,2020,31.1,,
ESTAT:TPS00198(1.0),25/03/26 23:00:00,Annual,Old-age dependency ratio 1st variant (population 65 years or over to population 15 to 64 years),Denmark,2021,31.7,,
ESTAT:TPS00198(1.0),25/03/26 23:00:00,Annual,Old-age dependency ratio 1st variant (population 65 years or over to population 15 to 64 years),Denmark,2022,32.0,,
ESTAT:TPS00198(1.0),25/03/26 23:00:00,Annual,Old-age dependency ratio 1st variant (population 65 years or over to population 15 to 64 years),Denmark,2023,32.2,,
ESTAT:TPS00198(1.0),25/03/26 23:00:00,Annual,Old-age dependency ratio 1st variant (population 65 years or over to population 15 to 64 years),Denmark,2024,32.5,,
ESTAT:TPS00198(1.0),25/03/26 23:00:00,Annual,Old-age dependency ratio 1st variant (population 65 years or over to population 15 to 64 years),Denmark,2025,32.8,,
ESTAT:TPS00198(1.0),25/03/26 23:00:00,Annual,Old-age dependency ratio 1st variant (population 65 years or over to population 15 to 64 years),Euro area – 20 countries (2023-2025),2014,29.5,be,
ESTAT:TPS00198(1.0),25/03/26 23:00:00,Annual,Old-age dependency ratio 1st variant (population 65 years or over to population 15 to 64 years),Euro area – 20 countries (2023-2025),2015,30.1,be,
ESTAT:TPS00198(1.0),25/03/26 23:00:00,Annual,Old-age dependency ratio 1st variant (population 65 years or over to population 15 to 64 years),Euro area – 20 countries (2023-2025),2016,30.6,,
ESTAT:TPS00198(1.0),25/03/26 23:00:00,Annual,Old-age dependency ratio 1st variant (population 65 years or over to population 15 to 64 years),Euro area – 20 countries (2023-2025),2017,31.2,b,
ESTAT:TPS00198(1.0),25/03/26 23:00:00,Annual,Old-age dependency ratio 1st variant (population 65 years or over to population 15 to 64 years),Euro area – 20 countries (2023-2025),2018,31.7,,
ESTAT:TPS00198(1.0),25/03/26 23:00:00,Annual,Old-age dependency ratio 1st variant (population 65 years or over to population 15 to 64 years),Euro area – 20 countries (2023-2025),2019,32.1,,
ESTAT:TPS00198(1.0),25/03/26 23:00:00,Annual,Old-age dependency ratio 1st variant (population 65 years or over to population 15 to 64 years),Euro area – 20 countries (2023-2025),2020,32.7,,
ESTAT:TPS00198(1.0),25/03/26 23:00:00,Annual,Old-age dependency ratio 1st variant (population 65 years or over to population 15 to 64 years),Euro area – 20 countries (2023-2025),2021,33.2,,
ESTAT:TPS00198(1.0),25/03/26 23:00:00,Annual,Old-age dependency ratio 1st variant (population 65 years or over to population 15 to 64 years),Euro area – 20 countries (2023-2025),2022,33.6,,
ESTAT:TPS00198(1.0),25/03/26 23:00:00,Annual,Old-age dependency ratio 1st variant (population 65 years or over to population 15 to 64 years),Euro area – 20 countries (2023-2025),2023,33.9,bp,
ESTAT:TPS00198(1.0),25/03/26 23:00:00,Annual,Old-age dependency ratio 1st variant (population 65 years or over to population 15 to 64 years),Euro area – 20 countries (2023-2025),2024,34.3,p,
ESTAT:TPS00198(1.0),25/03/26 23:00:00,Annual,Old-age dependency ratio 1st variant (population 65 years or over to population 15 to 64 years),Euro area – 20 countries (2023-2025),2025,35.0,p,
ESTAT:TPS00198(1.0),25/03/26 23:00:00,Annual,Old-age dependency ratio 1st variant (population 65 years or over to population 15 to 64 years),Euro area – 21 countries (from 2026),2025,35.0,p,
ESTAT:TPS00198(1.0),25/03/26 23:00:00,Annual,Old-age dependency ratio 1st variant (population 65 years or over to population 15 to 64 years),Estonia,2014,27.9,,
ESTAT:TPS00198(1.0),25/03/26 23:00:00,Annual,Old-age dependency ratio 1st variant (population 65 years or over to population 15 to 64 years),Estonia,2015,28.7,b,
ESTAT:TPS00198(1.0),25/03/26 23:00:00,Annual,Old-age dependency ratio 1st variant (population 65 years or over to population 15 to 64 years),Estonia,2016,29.3,,
ESTAT:TPS00198(1.0),25/03/26 23:00:00,Annual,Old-age dependency ratio 1st variant (population 65 years or over to population 15 to 64 years),Estonia,2017,30.0,,
ESTAT:TPS00198(1.0),25/03/26 23:00:00,Annual,Old-age dependency ratio 1st variant (population 65 years or over to population 15 to 64 years),Estonia,2018,30.6,,
ESTAT:TPS00198(1.0),25/03/26 23:00:00,Annual,Old-age dependency ratio 1st variant (population 65 years or over to population 15 to 64 years),Estonia,2019,31.0,,
ESTAT:TPS00198(1.0),25/03/26 23:00:00,Annual,Old-age dependency ratio 1st variant (population 65 years or over to population 15 to 64 years),Estonia,2020,31.6,,
ESTAT:TPS00198(1.0),25/03/26 23:00:00,Annual,Old-age dependency ratio 1st variant (population 65 years or over to population 15 to 64 years),Estonia,2021,32.2,,
ESTAT:TPS00198(1.0),25/03/26 23:00:00,Annual,Old-age dependency ratio 1st variant (population 65 years or over to population 15 to 64 years),Estonia,2022,32.3,,
ESTAT:TPS00198(1.0),25/03/26 23:00:00,Annual,Old-age dependency ratio 1st variant (population 65 years or over to population 15 to 64 years),Estonia,2023,31.9,,
ESTAT:TPS00198(1.0),25/03/26 23:00:00,Annual,Old-age dependency ratio 1st variant (population 65 years or over to population 15 to 64 years),Estonia,2024,32.2,,
ESTAT:TPS00198(1.0),25/03/26 23:00:00,Annual,Old-age dependency ratio 1st variant (population 65 years or over to population 15 to 64 years),Estonia,2025,32.9,,
ESTAT:TPS00198(1.0),25/03/26 23:00:00,Annual,Old-age dependency ratio 1st variant (population 65 years or over to population 15 to 64 years),Greece,2014,31.6,,
ESTAT:TPS00198(1.0),25/03/26 23:00:00,Annual,Old-age dependency ratio 1st variant (population 65 years or over to population 15 to 64 years),Greece,2015,32.4,,
ESTAT:TPS00198(1.0),25/03/26 23:00:00,Annual,Old-age dependency ratio 1st variant (population 65 years or over to population 15 to 64 years),Greece,2016,33.1,,
ESTAT:TPS00198(1.0),25/03/26 23:00:00,Annual,Old-age dependency ratio 1st variant (population 65 years or over to population 15 to 64 years),Greece,2017,33.6,,
ESTAT:TPS00198(1.0),25/03/26 23:00:00,Annual,Old-age dependency ratio 1st variant (population 65 years or over to population 15 to 64 years),Greece,2018,34.1,,
ESTAT:TPS00198(1.0),25/03/26 23:00:00,Annual,Old-age dependency ratio 1st variant (population 65 years or over to population 15 to 64 years),Greece,2019,34.6,,
ESTAT:TPS00198(1.0),25/03/26 23:00:00,Annual,Old-age dependency ratio 1st variant (population 65 years or over to population 15 to 64 years),Greece,2020,35.1,,
ESTAT:TPS00198(1.0),25/03/26 23:00:00,Annual,Old-age dependency ratio 1st variant (population 65 years or over to population 15 to 64 years),Greece,2021,35.6,,
ESTAT:TPS00198(1.0),25/03/26 23:00:00,Annual,Old-age dependency ratio 1st variant (population 65 years or over to population 15 to 64 years),Greece,2022,35.7,b,
ESTAT:TPS00198(1.0),25/03/26 23:00:00,Annual,Old-age dependency ratio 1st variant (population 65 years or over to population 15 to 64 years),Greece,2023,36.2,,
ESTAT:TPS00198(1.0),25/03/26 23:00:00,Annual,Old-age dependency ratio 1st variant (population 65 years or over to population 15 to 64 years),Greece,2024,36.8,,
ESTAT:TPS00198(1.0),25/03/26 23:00:00,Annual,Old-age dependency ratio 1st variant (population 65 years or over to population 15 to 64 years),Greece,2025,37.4,,
ESTAT:TPS00198(1.0),25/03/26 23:00:00,Annual,Old-age dependency ratio 1st variant (population 65 years or over to population 15 to 64 years),Spain,2014,27.2,,
ESTAT:TPS00198(1.0),25/03/26 23:00:00,Annual,Old-age dependency ratio 1st variant (population 65 years or over to population 15 to 64 years),Spain,2015,27.8,,
ESTAT:TPS00198(1.0),25/03/26 23:00:00,Annual,Old-age dependency ratio 1st variant (population 65 years or over to population 15 to 64 years),Spain,2016,28.2,,
ESTAT:TPS00198(1.0),25/03/26 23:00:00,Annual,Old-age dependency ratio 1st variant (population 65 years or over to population 15 to 64 years),Spain,2017,28.6,,
ESTAT:TPS00198(1.0),25/03/26 23:00:00,Annual,Old-age dependency ratio 1st variant (population 65 years or over to population 15 to 64 years),Spain,2018,29.0,,
ESTAT:TPS00198(1.0),25/03/26 23:00:00,Annual,Old-age dependency ratio 1st variant (population 65 years or over to population 15 to 64 years),Spain,2019,29.2,,
ESTAT:TPS00198(1.0),25/03/26 23:00:00,Annual,Old-age dependency ratio 1st variant (population 65 years or over to population 15 to 64 years),Spain,2020,29.5,,
ESTAT:TPS00198(1.0),25/03/26 23:00:00,Annual,Old-age dependency ratio 1st variant (population 65 years or over to population 15 to 64 years),Spain,2021,29.7,,
ESTAT:TPS00198(1.0),25/03/26 23:00:00,Annual,Old-age dependency ratio 1st variant (population 65 years or over to population 15 to 64 years),Spain,2022,30.2,,
ESTAT:TPS00198(1.0),25/03/26 23:00:00,Annual,Old-age dependency ratio 1st variant (population 65 years or over to population 15 to 64 years),Spain,2023,30.4,,
ESTAT:TPS00198(1.0),25/03/26 23:00:00,Annual,Old-age dependency ratio 1st variant (population 65 years or over to population 15 to 64 years),Spain,2024,30.8,,
ESTAT:TPS00198(1.0),25/03/26 23:00:00,Annual,Old-age dependency ratio 1st variant (population 65 years or over to population 15 to 64 years),Spain,2025,31.2,,
ESTAT:TPS00198(1.0),25/03/26 23:00:00,Annual,Old-age dependency ratio 1st variant (population 65 years or over to population 15 to 64 years),European Union - 27 countries (from 2020),2014,28.4,be,
ESTAT:TPS00198(1.0),25/03/26 23:00:00,Annual,Old-age dependency ratio 1st variant (population 65 years or over to population 15 to 64 years),European Union - 27 countries (from 2020),2015,29.0,be,
ESTAT:TPS00198(1.0),25/03/26 23:00:00,Annual,Old-age dependency ratio 1st variant (population 65 years or over to population 15 to 64 years),European Union - 27 countries (from 2020),2016,29.6,be,
ESTAT:TPS00198(1.0),25/03/26 23:00:00,Annual,Old-age dependency ratio 1st variant (population 65 years or over to population 15 to 64 years),European Union - 27 countries (from 2020),2017,30.2,be,
ESTAT:TPS00198(1.0),25/03/26 23:00:00,Annual,Old-age dependency ratio 1st variant (population 65 years or over to population 15 to 64 years),European Union - 27 countries (from 2020),2018,30.8,e,
ESTAT:TPS00198(1.0),25/03/26 23:00:00,Annual,Old-age dependency ratio 1st variant (population 65 years or over to population 15 to 64 years),European Union - 27 countries (from 2020),2019,31.4,,
ESTAT:TPS00198(1.0),25/03/26 23:00:00,Annual,Old-age dependency ratio 1st variant (population 65 years or over to population 15 to 64 years),European Union - 27 countries (from 2020),2020,32.0,e,
ESTAT:TPS00198(1.0),25/03/26 23:00:00,Annual,Old-age dependency ratio 1st variant (population 65 years or over to population 15 to 64 years),European Union - 27 countries (from 2020),2021,32.6,bep,
ESTAT:TPS00198(1.0),25/03/26 23:00:00,Annual,Old-age dependency ratio 1st variant (population 65 years or over to population 15 to 64 years),European Union - 27 countries (from 2020),2022,33.1,ep,
ESTAT:TPS00198(1.0),25/03/26 23:00:00,Annual,Old-age dependency ratio 1st variant (population 65 years or over to population 15 to 64 years),European Union - 27 countries (from 2020),2023,33.4,bep,
ESTAT:TPS00198(1.0),25/03/26 23:00:00,Annual,Old-age dependency ratio 1st variant (population 65 years or over to population 15 to 64 years),European Union - 27 countries (from 2020),2024,33.9,ep,
ESTAT:TPS00198(1.0),25/03/26 23:00:00,Annual,Old-age dependency ratio 1st variant (population 65 years or over to population 15 to 64 years),European Union - 27 countries (from 2020),2025,34.5,ep,
ESTAT:TPS00198(1.0),25/03/26 23:00:00,Annual,Old-age dependency ratio 1st variant (population 65 years or over to population 15 to 64 years),Finland,2014,30.2,,
ESTAT:TPS00198(1.0),25/03/26 23:00:00,Annual,Old-age dependency ratio 1st variant (population 65 years or over to population 15 to 64 years),Finland,2015,31.3,,
ESTAT:TPS00198(1.0),25/03/26 23:00:00,Annual,Old-age dependency ratio 1st variant (population 65 years or over to population 15 to 64 years),Finland,2016,32.4,,
ESTAT:TPS00198(1.0),25/03/26 23:00:00,Annual,Old-age dependency ratio 1st variant (population 65 years or over to population 15 to 64 years),Finland,2017,33.2,,
ESTAT:TPS00198(1.0),25/03/26 23:00:00,Annual,Old-age dependency ratio 1st variant (population 65 years or over to population 15 to 64 years),Finland,2018,34.2,,
ESTAT:TPS00198(1.0),25/03/26 23:00:00,Annual,Old-age dependency ratio 1st variant (population 65 years or over to population 15 to 64 years),Finland,2019,35.1,,
ESTAT:TPS00198(1.0),25/03/26 23:00:00,Annual,Old-age dependency ratio 1st variant (population 65 years or over to population 15 to 64 years),Finland,2020,36.0,,
ESTAT:TPS00198(1.0),25/03/26 23:00:00,Annual,Old-age dependency ratio 1st variant (population 65 years or over to population 15 to 64 years),Finland,2021,36.8,,
ESTAT:TPS00198(1.0),25/03/26 23:00:00,Annual,Old-age dependency ratio 1st variant (population 65 years or over to population 15 to 64 years),Finland,2022,37.4,,
ESTAT:TPS00198(1.0),25/03/26 23:00:00,Annual,Old-age dependency ratio 1st variant (population 65 years or over to population 15 to 64 years),Finland,2023,37.8,,
ESTAT:TPS00198(1.0),25/03/26 23:00:00,Annual,Old-age dependency ratio 1st variant (population 65 years or over to population 15 to 64 years),Finland,2024,37.8,,
ESTAT:TPS00198(1.0),25/03/26 23:00:00,Annual,Old-age dependency ratio 1st variant (population 65 years or over to population 15 to 64 years),Finland,2025,38.1,,
ESTAT:TPS00198(1.0),25/03/26 23:00:00,Annual,Old-age dependency ratio 1st variant (population 65 years or over to population 15 to 64 years),France,2014,28.3,b,
ESTAT:TPS00198(1.0),25/03/26 23:00:00,Annual,Old-age dependency ratio 1st variant (population 65 years or over to population 15 to 64 years),France,2015,29.2,,
ESTAT:TPS00198(1.0),25/03/26 23:00:00,Annual,Old-age dependency ratio 1st variant (population 65 years or over to population 15 to 64 years),France,2016,30.1,,
ESTAT:TPS00198(1.0),25/03/26 23:00:00,Annual,Old-age dependency ratio 1st variant (population 65 years or over to population 15 to 64 years),France,2017,30.9,,
ESTAT:TPS00198(1.0),25/03/26 23:00:00,Annual,Old-age dependency ratio 1st variant (population 65 years or over to population 15 to 64 years),France,2018,31.6,p,
ESTAT:TPS00198(1.0),25/03/26 23:00:00,Annual,Old-age dependency ratio 1st variant (population 65 years or over to population 15 to 64 years),France,2019,32.3,,
ESTAT:TPS00198(1.0),25/03/26 23:00:00,Annual,Old-age dependency ratio 1st variant (population 65 years or over to population 15 to 64 years),France,2020,33.0,,
ESTAT:TPS00198(1.0),25/03/26 23:00:00,Annual,Old-age dependency ratio 1st variant (population 65 years or over to population 15 to 64 years),France,2021,33.4,,
ESTAT:TPS00198(1.0),25/03/26 23:00:00,Annual,Old-age dependency ratio 1st variant (population 65 years or over to population 15 to 64 years),France,2022,33.8,,
ESTAT:TPS00198(1.0),25/03/26 23:00:00,Annual,Old-age dependency ratio 1st variant (population 65 years or over to population 15 to 64 years),France,2023,34.3,p,
ESTAT:TPS00198(1.0),25/03/26 23:00:00,Annual,Old-age dependency ratio 1st variant (population 65 years or over to population 15 to 64 years),France,2024,34.9,p,
ESTAT:TPS00198(1.0),25/03/26 23:00:00,Annual,Old-age dependency ratio 1st variant (population 65 years or over to population 15 to 64 years),France,2025,35.5,p,
ESTAT:TPS00198(1.0),25/03/26 23:00:00,Annual,Old-age dependency ratio 1st variant (population 65 years or over to population 15 to 64 years),Georgia,2014,20.3,,
ESTAT:TPS00198(1.0),25/03/26 23:00:00,Annual,Old-age dependency ratio 1st variant (population 65 years or over to population 15 to 64 years),Georgia,2015,20.3,,
ESTAT:TPS00198(1.0),25/03/26 23:00:00,Annual,Old-age dependency ratio 1st variant (population 65 years or over to population 15 to 64 years),Georgia,2016,21.6,,
ESTAT:TPS00198(1.0),25/03/26 23:00:00,Annual,Old-age dependency ratio 1st variant (population 65 years or over to population 15 to 64 years),Georgia,2017,21.9,,
ESTAT:TPS00198(1.0),25/03/26 23:00:00,Annual,Old-age dependency ratio 1st variant (population 65 years or over to population 15 to 64 years),Georgia,2018,22.4,,
ESTAT:TPS00198(1.0),25/03/26 23:00:00,Annual,Old-age dependency ratio 1st variant (population 65 years or over to population 15 to 64 years),Georgia,2019,22.9,,
ESTAT:TPS00198(1.0),25/03/26 23:00:00,Annual,Old-age dependency ratio 1st variant (population 65 years or over to population 15 to 64 years),Georgia,2020,23.4,,
ESTAT:TPS00198(1.0),25/03/26 23:00:00,Annual,Old-age dependency ratio 1st variant (population 65 years or over to population 15 to 64 years),Georgia,2021,23.7,,
ESTAT:TPS00198(1.0),25/03/26 23:00:00,Annual,Old-age dependency ratio 1st variant (population 65 years or over to population 15 to 64 years),Georgia,2022,24.3,,
ESTAT:TPS00198(1.0),25/03/26 23:00:00,Annual,Old-age dependency ratio 1st variant (population 65 years or over to population 15 to 64 years),Georgia,2023,24.4,,
ESTAT:TPS00198(1.0),25/03/26 23:00:00,Annual,Old-age dependency ratio 1st variant (population 65 years or over to population 15 to 64 years),Georgia,2024,25.1,,
ESTAT:TPS00198(1.0),25/03/26 23:00:00,Annual,Old-age dependency ratio 1st variant (population 65 years or over to population 15 to 64 years),Georgia,2025,25.9,,
ESTAT:TPS00198(1.0),25/03/26 23:00:00,Annual,Old-age dependency ratio 1st variant (population 65 years or over to population 15 to 64 years),Croatia,2014,27.7,,
ESTAT:TPS00198(1.0),25/03/26 23:00:00,Annual,Old-age dependency ratio 1st variant (population 65 years or over to population 15 to 64 years),Croatia,2015,28.6,,
ESTAT:TPS00198(1.0),25/03/26 23:00:00,Annual,Old-age dependency ratio 1st variant (population 65 years or over to population 15 to 64 years),Croatia,2016,29.4,,
ESTAT:TPS00198(1.0),25/03/26 23:00:00,Annual,Old-age dependency ratio 1st variant (population 65 years or over to population 15 to 64 years),Croatia,2017,30.3,,
ESTAT:TPS00198(1.0),25/03/26 23:00:00,Annual,Old-age dependency ratio 1st variant (population 65 years or over to population 15 to 64 years),Croatia,2018,31.5,,
ESTAT:TPS00198(1.0),25/03/26 23:00:00,Annual,Old-age dependency ratio 1st variant (population 65 years or over to population 15 to 64 years),Croatia,2019,32.7,,
ESTAT:TPS00198(1.0),25/03/26 23:00:00,Annual,Old-age dependency ratio 1st variant (population 65 years or over to population 15 to 64 years),Croatia,2020,33.8,,
ESTAT:TPS00198(1.0),25/03/26 23:00:00,Annual,Old-age dependency ratio 1st variant (population 65 years or over to population 15 to 64 years),Croatia,2021,34.9,,
ESTAT:TPS00198(1.0),25/03/26 23:00:00,Annual,Old-age dependency ratio 1st variant (population 65 years or over to population 15 to 64 years),Croatia,2022,35.6,,
ESTAT:TPS00198(1.0),25/03/26 23:00:00,Annual,Old-age dependency ratio 1st variant (population 65 years or over to population 15 to 64 years),Croatia,2023,36.1,,
ESTAT:TPS00198(1.0),25/03/26 23:00:00,Annual,Old-age dependency ratio 1st variant (population 65 years or over to population 15 to 64 years),Croatia,2024,36.6,,
ESTAT:TPS00198(1.0),25/03/26 23:00:00,Annual,Old-age dependency ratio 1st variant (population 65 years or over to population 15 to 64 years),Croatia,2025,37.0,,
ESTAT:TPS00198(1.0),25/03/26 23:00:00,Annual,Old-age dependency ratio 1st variant (population 65 years or over to population 15 to 64 years),Hungary,2014,25.7,,
ESTAT:TPS00198(1.0),25/03/26 23:00:00,Annual,Old-age dependency ratio 1st variant (population 65 years or over to population 15 to 64 years),Hungary,2015,26.4,,
ESTAT:TPS00198(1.0),25/03/26 23:00:00,Annual,Old-age dependency ratio 1st variant (population 65 years or over to population 15 to 64 years),Hungary,2016,27.0,,
ESTAT:TPS00198(1.0),25/03/26 23:00:00,Annual,Old-age dependency ratio 1st variant (population 65 years or over to population 15 to 64 years),Hungary,2017,27.7,,
ESTAT:TPS00198(1.0),25/03/26 23:00:00,Annual,Old-age dependency ratio 1st variant (population 65 years or over to population 15 to 64 years),Hungary,2018,28.3,,
ESTAT:TPS00198(1.0),25/03/26 23:00:00,Annual,Old-age dependency ratio 1st variant (population 65 years or over to population 15 to 64 years),Hungary,2019,29.0,,
ESTAT:TPS00198(1.0),25/03/26 23:00:00,Annual,Old-age dependency ratio 1st variant (population 65 years or over to population 15 to 64 years),Hungary,2020,30.1,,
ESTAT:TPS00198(1.0),25/03/26 23:00:00,Annual,Old-age dependency ratio 1st variant (population 65 years or over to population 15 to 64 years),Hungary,2021,30.9,,
ESTAT:TPS00198(1.0),25/03/26 23:00:00,Annual,Old-age dependency ratio 1st variant (population 65 years or over to population 15 to 64 years),Hungary,2022,31.4,,
ESTAT:TPS00198(1.0),25/03/26 23:00:00,Annual,Old-age dependency ratio 1st variant (population 65 years or over to population 15 to 64 years),Hungary,2023,31.6,,
ESTAT:TPS00198(1.0),25/03/26 23:00:00,Annual,Old-age dependency ratio 1st variant (population 65 years or over to population 15 to 64 years),Hungary,2024,31.9,,
ESTAT:TPS00198(1.0),25/03/26 23:00:00,Annual,Old-age dependency ratio 1st variant (population 65 years or over to population 15 to 64 years),Hungary,2025,32.2,,
ESTAT:TPS00198(1.0),25/03/26 23:00:00,Annual,Old-age dependency ratio 1st variant (population 65 years or over to population 15 to 64 years),Ireland,2014,19.1,,
ESTAT:TPS00198(1.0),25/03/26 23:00:00,Annual,Old-age dependency ratio 1st variant (population 65 years or over to population 15 to 64 years),Ireland,2015,19.7,,
ESTAT:TPS00198(1.0),25/03/26 23:00:00,Annual,Old-age dependency ratio 1st variant (population 65 years or over to population 15 to 64 years),Ireland,2016,20.2,,
ESTAT:TPS00198(1.0),25/03/26 23:00:00,Annual,Old-age dependency ratio 1st variant (population 65 years or over to population 15 to 64 years),Ireland,2017,20.6,,
ESTAT:TPS00198(1.0),25/03/26 23:00:00,Annual,Old-age dependency ratio 1st variant (population 65 years or over to population 15 to 64 years),Ireland,2018,21.2,,
ESTAT:TPS00198(1.0),25/03/26 23:00:00,Annual,Old-age dependency ratio 1st variant (population 65 years or over to population 15 to 64 years),Ireland,2019,21.5,,
ESTAT:TPS00198(1.0),25/03/26 23:00:00,Annual,Old-age dependency ratio 1st variant (population 65 years or over to population 15 to 64 years),Ireland,2020,22.0,,
ESTAT:TPS00198(1.0),25/03/26 23:00:00,Annual,Old-age dependency ratio 1st variant (population 65 years or over to population 15 to 64 years),Ireland,2021,22.5,,
ESTAT:TPS00198(1.0),25/03/26 23:00:00,Annual,Old-age dependency ratio 1st variant (population 65 years or over to population 15 to 64 years),Ireland,2022,23.0,,
ESTAT:TPS00198(1.0),25/03/26 23:00:00,Annual,Old-age dependency ratio 1st variant (population 65 years or over to population 15 to 64 years),Ireland,2023,23.2,,
ESTAT:TPS00198(1.0),25/03/26 23:00:00,Annual,Old-age dependency ratio 1st variant (population 65 years or over to population 15 to 64 years),Ireland,2024,23.6,,
ESTAT:TPS00198(1.0),25/03/26 23:00:00,Annual,Old-age dependency ratio 1st variant (population 65 years or over to population 15 to 64 years),Ireland,2025,23.8,,
ESTAT:TPS00198(1.0),25/03/26 23:00:00,Annual,Old-age dependency ratio 1st variant (population 65 years or over to population 15 to 64 years),Iceland,2014,19.9,,
ESTAT:TPS00198(1.0),25/03/26 23:00:00,Annual,Old-age dependency ratio 1st variant (population 65 years or over to population 15 to 64 years),Iceland,2015,20.5,,
ESTAT:TPS00198(1.0),25/03/26 23:00:00,Annual,Old-age dependency ratio 1st variant (population 65 years or over to population 15 to 64 years),Iceland,2016,21.0,,
ESTAT:TPS00198(1.0),25/03/26 23:00:00,Annual,Old-age dependency ratio 1st variant (population 65 years or over to population 15 to 64 years),Iceland,2017,21.2,,
ESTAT:TPS00198(1.0),25/03/26 23:00:00,Annual,Old-age dependency ratio 1st variant (population 65 years or over to population 15 to 64 years),Iceland,2018,21.1,,
ESTAT:TPS00198(1.0),25/03/26 23:00:00,Annual,Old-age dependency ratio 1st variant (population 65 years or over to population 15 to 64 years),Iceland,2019,21.3,,
ESTAT:TPS00198(1.0),25/03/26 23:00:00,Annual,Old-age dependency ratio 1st variant (population 65 years or over to population 15 to 64 years),Iceland,2020,21.6,,
ESTAT:TPS00198(1.0),25/03/26 23:00:00,Annual,Old-age dependency ratio 1st variant (population 65 years or over to population 15 to 64 years),Iceland,2021,22.1,,
ESTAT:TPS00198(1.0),25/03/26 23:00:00,Annual,Old-age dependency ratio 1st variant (population 65 years or over to population 15 to 64 years),Iceland,2022,22.5,,
ESTAT:TPS00198(1.0),25/03/26 23:00:00,Annual,Old-age dependency ratio 1st variant (population 65 years or over to population 15 to 64 years),Iceland,2023,22.5,,
ESTAT:TPS00198(1.0),25/03/26 23:00:00,Annual,Old-age dependency ratio 1st variant (population 65 years or over to population 15 to 64 years),Iceland,2024,23.6,,
ESTAT:TPS00198(1.0),25/03/26 23:00:00,Annual,Old-age dependency ratio 1st variant (population 65 years or over to population 15 to 64 years),Iceland,2025,23.9,,
ESTAT:TPS00198(1.0),25/03/26 23:00:00,Annual,Old-age dependency ratio 1st variant (population 65 years or over to population 15 to 64 years),Italy,2014,33.3,,
ESTAT:TPS00198(1.0),25/03/26 23:00:00,Annual,Old-age dependency ratio 1st variant (population 65 years or over to population 15 to 64 years),Italy,2015,34.0,,
ESTAT:TPS00198(1.0),25/03/26 23:00:00,Annual,Old-age dependency ratio 1st variant (population 65 years or over to population 15 to 64 years),Italy,2016,34.5,,
ESTAT:TPS00198(1.0),25/03/26 23:00:00,Annual,Old-age dependency ratio 1st variant (population 65 years or over to population 15 to 64 years),Italy,2017,35.0,,
ESTAT:TPS00198(1.0),25/03/26 23:00:00,Annual,Old-age dependency ratio 1st variant (population 65 years or over to population 15 to 64 years),Italy,2018,35.4,,
ESTAT:TPS00198(1.0),25/03/26 23:00:00,Annual,Old-age dependency ratio 1st variant (population 65 years or over to population 15 to 64 years),Italy,2019,35.8,b,
ESTAT:TPS00198(1.0),25/03/26 23:00:00,Annual,Old-age dependency ratio 1st variant (population 65 years or over to population 15 to 64 years),Italy,2020,36.4,,
ESTAT:TPS00198(1.0),25/03/26 23:00:00,Annual,Old-age dependency ratio 1st variant (population 65 years or over to population 15 to 64 years),Italy,2021,37.0,,
ESTAT:TPS00198(1.0),25/03/26 23:00:00,Annual,Old-age dependency ratio 1st variant (population 65 years or over to population 15 to 64 years),Italy,2022,37.5,,
ESTAT:TPS00198(1.0),25/03/26 23:00:00,Annual,Old-age dependency ratio 1st variant (population 65 years or over to population 15 to 64 years),Italy,2023,37.8,,
ESTAT:TPS00198(1.0),25/03/26 23:00:00,Annual,Old-age dependency ratio 1st variant (population 65 years or over to population 15 to 64 years),Italy,2024,38.4,,
ESTAT:TPS00198(1.0),25/03/26 23:00:00,Annual,Old-age dependency ratio 1st variant (population 65 years or over to population 15 to 64 years),Italy,2025,39.0,,
ESTAT:TPS00198(1.0),25/03/26 23:00:00,Annual,Old-age dependency ratio 1st variant (population 65 years or over to population 15 to 64 years),Liechtenstein,2014,22.4,,
ESTAT:TPS00198(1.0),25/03/26 23:00:00,Annual,Old-age dependency ratio 1st variant (population 65 years or over to population 15 to 64 years),Liechtenstein,2015,23.2,,
ESTAT:TPS00198(1.0),25/03/26 23:00:00,Annual,Old-age dependency ratio 1st variant (population 65 years or over to population 15 to 64 years),Liechtenstein,2016,24.0,,
ESTAT:TPS00198(1.0),25/03/26 23:00:00,Annual,Old-age dependency ratio 1st variant (population 65 years or over to population 15 to 64 years),Liechtenstein,2017,24.9,,
ESTAT:TPS00198(1.0),25/03/26 23:00:00,Annual,Old-age dependency ratio 1st variant (population 65 years or over to population 15 to 64 years),Liechtenstein,2018,25.8,,
ESTAT:TPS00198(1.0),25/03/26 23:00:00,Annual,Old-age dependency ratio 1st variant (population 65 years or over to population 15 to 64 years),Liechtenstein,2019,26.5,,
ESTAT:TPS00198(1.0),25/03/26 23:00:00,Annual,Old-age dependency ratio 1st variant (population 65 years or over to population 15 to 64 years),Liechtenstein,2020,27.3,,
ESTAT:TPS00198(1.0),25/03/26 23:00:00,Annual,Old-age dependency ratio 1st variant (population 65 years or over to population 15 to 64 years),Liechtenstein,2021,27.9,,
ESTAT:TPS00198(1.0),25/03/26 23:00:00,Annual,Old-age dependency ratio 1st variant (population 65 years or over to population 15 to 64 years),Liechtenstein,2022,28.9,,
ESTAT:TPS00198(1.0),25/03/26 23:00:00,Annual,Old-age dependency ratio 1st variant (population 65 years or over to population 15 to 64 years),Liechtenstein,2023,29.8,,
ESTAT:TPS00198(1.0),25/03/26 23:00:00,Annual,Old-age dependency ratio 1st variant (population 65 years or over to population 15 to 64 years),Liechtenstein,2024,31.0,,
ESTAT:TPS00198(1.0),25/03/26 23:00:00,Annual,Old-age dependency ratio 1st variant (population 65 years or over to population 15 to 64 years),Liechtenstein,2025,31.7,,
ESTAT:TPS00198(1.0),25/03/26 23:00:00,Annual,Old-age dependency ratio 1st variant (population 65 years or over to population 15 to 64 years),Lithuania,2014,27.4,,
ESTAT:TPS00198(1.0),25/03/26 23:00:00,Annual,Old-age dependency ratio 1st variant (population 65 years or over to population 15 to 64 years),Lithuania,2015,27.8,,
ESTAT:TPS00198(1.0),25/03/26 23:00:00,Annual,Old-age dependency ratio 1st variant (population 65 years or over to population 15 to 64 years),Lithuania,2016,28.3,,
ESTAT:TPS00198(1.0),25/03/26 23:00:00,Annual,Old-age dependency ratio 1st variant (population 65 years or over to population 15 to 64 years),Lithuania,2017,28.8,,
ESTAT:TPS00198(1.0),25/03/26 23:00:00,Annual,Old-age dependency ratio 1st variant (population 65 years or over to population 15 to 64 years),Lithuania,2018,29.4,,
ESTAT:TPS00198(1.0),25/03/26 23:00:00,Annual,Old-age dependency ratio 1st variant (population 65 years or over to population 15 to 64 years),Lithuania,2019,29.6,,
ESTAT:TPS00198(1.0),25/03/26 23:00:00,Annual,Old-age dependency ratio 1st variant (population 65 years or over to population 15 to 64 years),Lithuania,2020,29.9,,
ESTAT:TPS00198(1.0),25/03/26 23:00:00,Annual,Old-age dependency ratio 1st variant (population 65 years or over to population 15 to 64 years),Lithuania,2021,30.5,,
ESTAT:TPS00198(1.0),25/03/26 23:00:00,Annual,Old-age dependency ratio 1st variant (population 65 years or over to population 15 to 64 years),Lithuania,2022,30.7,,
ESTAT:TPS00198(1.0),25/03/26 23:00:00,Annual,Old-age dependency ratio 1st variant (population 65 years or over to population 15 to 64 years),Lithuania,2023,30.8,,
ESTAT:TPS00198(1.0),25/03/26 23:00:00,Annual,Old-age dependency ratio 1st variant (population 65 years or over to population 15 to 64 years),Lithuania,2024,31.2,,
ESTAT:TPS00198(1.0),25/03/26 23:00:00,Annual,Old-age dependency ratio 1st variant (population 65 years or over to population 15 to 64 years),Lithuania,2025,32.1,,
ESTAT:TPS00198(1.0),25/03/26 23:00:00,Annual,Old-age dependency ratio 1st variant (population 65 years or over to population 15 to 64 years),Luxembourg,2014,20.4,,
ESTAT:TPS00198(1.0),25/03/26 23:00:00,Annual,Old-age dependency ratio 1st variant (population 65 years or over to population 15 to 64 years),Luxembourg,2015,20.5,,
ESTAT:TPS00198(1.0),25/03/26 23:00:00,Annual,Old-age dependency ratio 1st variant (population 65 years or over to population 15 to 64 years),Luxembourg,2016,20.5,,
ESTAT:TPS00198(1.0),25/03/26 23:00:00,Annual,Old-age dependency ratio 1st variant (population 65 years or over to population 15 to 64 years),Luxembourg,2017,20.5,b,
ESTAT:TPS00198(1.0),25/03/26 23:00:00,Annual,Old-age dependency ratio 1st variant (population 65 years or over to population 15 to 64 years),Luxembourg,2018,20.6,,
ESTAT:TPS00198(1.0),25/03/26 23:00:00,Annual,Old-age dependency ratio 1st variant (population 65 years or over to population 15 to 64 years),Luxembourg,2019,20.7,,
ESTAT:TPS00198(1.0),25/03/26 23:00:00,Annual,Old-age dependency ratio 1st variant (population 65 years or over to population 15 to 64 years),Luxembourg,2020,20.9,,
ESTAT:TPS00198(1.0),25/03/26 23:00:00,Annual,Old-age dependency ratio 1st variant (population 65 years or over to population 15 to 64 years),Luxembourg,2021,21.0,,
ESTAT:TPS00198(1.0),25/03/26 23:00:00,Annual,Old-age dependency ratio 1st variant (population 65 years or over to population 15 to 64 years),Luxembourg,2022,21.3,,
ESTAT:TPS00198(1.0),25/03/26 23:00:00,Annual,Old-age dependency ratio 1st variant (population 65 years or over to population 15 to 64 years),Luxembourg,2023,21.5,,
ESTAT:TPS00198(1.0),25/03/26 23:00:00,Annual,Old-age dependency ratio 1st variant (population 65 years or over to population 15 to 64 years),Luxembourg,2024,21.7,,
ESTAT:TPS00198(1.0),25/03/26 23:00:00,Annual,Old-age dependency ratio 1st variant (population 65 years or over to population 15 to 64 years),Luxembourg,2025,22.0,,
ESTAT:TPS00198(1.0),25/03/26 23:00:00,Annual,Old-age dependency ratio 1st variant (population 65 years or over to population 15 to 64 years),Latvia,2014,28.8,,
ESTAT:TPS00198(1.0),25/03/26 23:00:00,Annual,Old-age dependency ratio 1st variant (population 65 years or over to population 15 to 64 years),Latvia,2015,29.5,,
ESTAT:TPS00198(1.0),25/03/26 23:00:00,Annual,Old-age dependency ratio 1st variant (population 65 years or over to population 15 to 64 years),Latvia,2016,30.2,,
ESTAT:TPS00198(1.0),25/03/26 23:00:00,Annual,Old-age dependency ratio 1st variant (population 65 years or over to population 15 to 64 years),Latvia,2017,30.8,,
ESTAT:TPS00198(1.0),25/03/26 23:00:00,Annual,Old-age dependency ratio 1st variant (population 65 years or over to population 15 to 64 years),Latvia,2018,31.4,,
ESTAT:TPS00198(1.0),25/03/26 23:00:00,Annual,Old-age dependency ratio 1st variant (population 65 years or over to population 15 to 64 years),Latvia,2019,31.7,,
ESTAT:TPS00198(1.0),25/03/26 23:00:00,Annual,Old-age dependency ratio 1st variant (population 65 years or over to population 15 to 64 years),Latvia,2020,32.3,,
ESTAT:TPS00198(1.0),25/03/26 23:00:00,Annual,Old-age dependency ratio 1st variant (population 65 years or over to population 15 to 64 years),Latvia,2021,32.9,,
ESTAT:TPS00198(1.0),25/03/26 23:00:00,Annual,Old-age dependency ratio 1st variant (population 65 years or over to population 15 to 64 years),Latvia,2022,33.1,,
ESTAT:TPS00198(1.0),25/03/26 23:00:00,Annual,Old-age dependency ratio 1st variant (population 65 years or over to population 15 to 64 years),Latvia,2023,33.3,,
ESTAT:TPS00198(1.0),25/03/26 23:00:00,Annual,Old-age dependency ratio 1st variant (population 65 years or over to population 15 to 64 years),Latvia,2024,33.9,,
ESTAT:TPS00198(1.0),25/03/26 23:00:00,Annual,Old-age dependency ratio 1st variant (population 65 years or over to population 15 to 64 years),Latvia,2025,34.7,,
ESTAT:TPS00198(1.0),25/03/26 23:00:00,Annual,Old-age dependency ratio 1st variant (population 65 years or over to population 15 to 64 years),Monaco,2024,45.9,,
ESTAT:TPS00198(1.0),25/03/26 23:00:00,Annual,Old-age dependency ratio 1st variant (population 65 years or over to population 15 to 64 years),Monaco,2025,46.6,,
ESTAT:TPS00198(1.0),25/03/26 23:00:00,Annual,Old-age dependency ratio 1st variant (population 65 years or over to population 15 to 64 years),Moldova,2014,13.6,,
ESTAT:TPS00198(1.0),25/03/26 23:00:00,Annual,Old-age dependency ratio 1st variant (population 65 years or over to population 15 to 64 years),Moldova,2015,15.3,be,
ESTAT:TPS00198(1.0),25/03/26 23:00:00,Annual,Old-age dependency ratio 1st variant (population 65 years or over to population 15 to 64 years),Moldova,2016,16.3,e,
ESTAT:TPS00198(1.0),25/03/26 23:00:00,Annual,Old-age dependency ratio 1st variant (population 65 years or over to population 15 to 64 years),Moldova,2017,17.2,e,
ESTAT:TPS00198(1.0),25/03/26 23:00:00,Annual,Old-age dependency ratio 1st variant (population 65 years or over to population 15 to 64 years),Moldova,2018,18.3,e,
ESTAT:TPS00198(1.0),25/03/26 23:00:00,Annual,Old-age dependency ratio 1st variant (population 65 years or over to population 15 to 64 years),Moldova,2019,19.4,e,
ESTAT:TPS00198(1.0),25/03/26 23:00:00,Annual,Old-age dependency ratio 1st variant (population 65 years or over to population 15 to 64 years),Moldova,2020,20.4,e,
ESTAT:TPS00198(1.0),25/03/26 23:00:00,Annual,Old-age dependency ratio 1st variant (population 65 years or over to population 15 to 64 years),Moldova,2021,21.5,e,
ESTAT:TPS00198(1.0),25/03/26 23:00:00,Annual,Old-age dependency ratio 1st variant (population 65 years or over to population 15 to 64 years),Moldova,2022,23.0,e,
ESTAT:TPS00198(1.0),25/03/26 23:00:00,Annual,Old-age dependency ratio 1st variant (population 65 years or over to population 15 to 64 years),Moldova,2023,24.4,ep,
ESTAT:TPS00198(1.0),25/03/26 23:00:00,Annual,Old-age dependency ratio 1st variant (population 65 years or over to population 15 to 64 years),Moldova,2024,26.7,ep,
ESTAT:TPS00198(1.0),25/03/26 23:00:00,Annual,Old-age dependency ratio 1st variant (population 65 years or over to population 15 to 64 years),Moldova,2025,29.4,ep,
ESTAT:TPS00198(1.0),25/03/26 23:00:00,Annual,Old-age dependency ratio 1st variant (population 65 years or over to population 15 to 64 years),Montenegro,2014,19.6,,
ESTAT:TPS00198(1.0),25/03/26 23:00:00,Annual,Old-age dependency ratio 1st variant (population 65 years or over to population 15 to 64 years),Montenegro,2015,20.2,,
ESTAT:TPS00198(1.0),25/03/26 23:00:00,Annual,Old-age dependency ratio 1st variant (population 65 years or over to population 15 to 64 years),Montenegro,2016,20.8,,
ESTAT:TPS00198(1.0),25/03/26 23:00:00,Annual,Old-age dependency ratio 1st variant (population 65 years or over to population 15 to 64 years),Montenegro,2017,21.4,,
ESTAT:TPS00198(1.0),25/03/26 23:00:00,Annual,Old-age dependency ratio 1st variant (population 65 years or over to population 15 to 64 years),Montenegro,2018,22.0,,
ESTAT:TPS00198(1.0),25/03/26 23:00:00,Annual,Old-age dependency ratio 1st variant (population 65 years or over to population 15 to 64 years),Montenegro,2019,22.7,,
ESTAT:TPS00198(1.0),25/03/26 23:00:00,Annual,Old-age dependency ratio 1st variant (population 65 years or over to population 15 to 64 years),Montenegro,2020,23.5,,
ESTAT:TPS00198(1.0),25/03/26 23:00:00,Annual,Old-age dependency ratio 1st variant (population 65 years or over to population 15 to 64 years),Montenegro,2021,24.0,,
ESTAT:TPS00198(1.0),25/03/26 23:00:00,Annual,Old-age dependency ratio 1st variant (population 65 years or over to population 15 to 64 years),Montenegro,2022,24.2,,
ESTAT:TPS00198(1.0),25/03/26 23:00:00,Annual,Old-age dependency ratio 1st variant (population 65 years or over to population 15 to 64 years),Montenegro,2023,24.9,,
ESTAT:TPS00198(1.0),25/03/26 23:00:00,Annual,Old-age dependency ratio 1st variant (population 65 years or over to population 15 to 64 years),Montenegro,2024,25.7,,
ESTAT:TPS00198(1.0),25/03/26 23:00:00,Annual,Old-age dependency ratio 1st variant (population 65 years or over to population 15 to 64 years),Montenegro,2025,26.6,,
ESTAT:TPS00198(1.0),25/03/26 23:00:00,Annual,Old-age dependency ratio 1st variant (population 65 years or over to population 15 to 64 years),North Macedonia,2014,17.5,,
ESTAT:TPS00198(1.0),25/03/26 23:00:00,Annual,Old-age dependency ratio 1st variant (population 65 years or over to population 15 to 64 years),North Macedonia,2015,18.0,,
ESTAT:TPS00198(1.0),25/03/26 23:00:00,Annual,Old-age dependency ratio 1st variant (population 65 years or over to population 15 to 64 years),North Macedonia,2016,18.5,,
ESTAT:TPS00198(1.0),25/03/26 23:00:00,Annual,Old-age dependency ratio 1st variant (population 65 years or over to population 15 to 64 years),North Macedonia,2017,18.9,,
ESTAT:TPS00198(1.0),25/03/26 23:00:00,Annual,Old-age dependency ratio 1st variant (population 65 years or over to population 15 to 64 years),North Macedonia,2018,19.5,,
ESTAT:TPS00198(1.0),25/03/26 23:00:00,Annual,Old-age dependency ratio 1st variant (population 65 years or over to population 15 to 64 years),North Macedonia,2019,20.2,,
ESTAT:TPS00198(1.0),25/03/26 23:00:00,Annual,Old-age dependency ratio 1st variant (population 65 years or over to population 15 to 64 years),North Macedonia,2020,20.9,,
ESTAT:TPS00198(1.0),25/03/26 23:00:00,Annual,Old-age dependency ratio 1st variant (population 65 years or over to population 15 to 64 years),North Macedonia,2021,21.4,,
ESTAT:TPS00198(1.0),25/03/26 23:00:00,Annual,Old-age dependency ratio 1st variant (population 65 years or over to population 15 to 64 years),North Macedonia,2022,25.9,b,
ESTAT:TPS00198(1.0),25/03/26 23:00:00,Annual,Old-age dependency ratio 1st variant (population 65 years or over to population 15 to 64 years),North Macedonia,2023,27.0,,
ESTAT:TPS00198(1.0),25/03/26 23:00:00,Annual,Old-age dependency ratio 1st variant (population 65 years or over to population 15 to 64 years),North Macedonia,2024,27.8,,
ESTAT:TPS00198(1.0),25/03/26 23:00:00,Annual,Old-age dependency ratio 1st variant (population 65 years or over to population 15 to 64 years),North Macedonia,2025,28.7,,
ESTAT:TPS00198(1.0),25/03/26 23:00:00,Annual,Old-age dependency ratio 1st variant (population 65 years or over to population 15 to 64 years),Malta,2014,26.0,,
ESTAT:TPS00198(1.0),25/03/26 23:00:00,Annual,Old-age dependency ratio 1st variant (population 65 years or over to population 15 to 64 years),Malta,2015,26.6,,
ESTAT:TPS00198(1.0),25/03/26 23:00:00,Annual,Old-age dependency ratio 1st variant (population 65 years or over to population 15 to 64 years),Malta,2016,27.1,,
ESTAT:TPS00198(1.0),25/03/26 23:00:00,Annual,Old-age dependency ratio 1st variant (population 65 years or over to population 15 to 64 years),Malta,2017,27.6,,
ESTAT:TPS00198(1.0),25/03/26 23:00:00,Annual,Old-age dependency ratio 1st variant (population 65 years or over to population 15 to 64 years),Malta,2018,27.4,,
ESTAT:TPS00198(1.0),25/03/26 23:00:00,Annual,Old-age dependency ratio 1st variant (population 65 years or over to population 15 to 64 years),Malta,2019,26.9,,
ESTAT:TPS00198(1.0),25/03/26 23:00:00,Annual,Old-age dependency ratio 1st variant (population 65 years or over to population 15 to 64 years),Malta,2020,26.3,,
ESTAT:TPS00198(1.0),25/03/26 23:00:00,Annual,Old-age dependency ratio 1st variant (population 65 years or over to population 15 to 64 years),Malta,2021,27.0,,
ESTAT:TPS00198(1.0),25/03/26 23:00:00,Annual,Old-age dependency ratio 1st variant (population 65 years or over to population 15 to 64 years),Malta,2022,27.6,,
ESTAT:TPS00198(1.0),25/03/26 23:00:00,Annual,Old-age dependency ratio 1st variant (population 65 years or over to population 15 to 64 years),Malta,2023,27.1,,
ESTAT:TPS00198(1.0),25/03/26 23:00:00,Annual,Old-age dependency ratio 1st variant (population 65 years or over to population 15 to 64 years),Malta,2024,26.5,,
ESTAT:TPS00198(1.0),25/03/26 23:00:00,Annual,Old-age dependency ratio 1st variant (population 65 years or over to population 15 to 64 years),Malta,2025,26.6,,
ESTAT:TPS00198(1.0),25/03/26 23:00:00,Annual,Old-age dependency ratio 1st variant (population 65 years or over to population 15 to 64 years),Netherlands,2014,26.4,,
ESTAT:TPS00198(1.0),25/03/26 23:00:00,Annual,Old-age dependency ratio 1st variant (population 65 years or over to population 15 to 64 years),Netherlands,2015,27.2,,
ESTAT:TPS00198(1.0),25/03/26 23:00:00,Annual,Old-age dependency ratio 1st variant (population 65 years or over to population 15 to 64 years),Netherlands,2016,27.8,,
ESTAT:TPS00198(1.0),25/03/26 23:00:00,Annual,Old-age dependency ratio 1st variant (population 65 years or over to population 15 to 64 years),Netherlands,2017,28.4,,
ESTAT:TPS00198(1.0),25/03/26 23:00:00,Annual,Old-age dependency ratio 1st variant (population 65 years or over to population 15 to 64 years),Netherlands,2018,29.0,,
ESTAT:TPS00198(1.0),25/03/26 23:00:00,Annual,Old-age dependency ratio 1st variant (population 65 years or over to population 15 to 64 years),Netherlands,2019,29.5,,
ESTAT:TPS00198(1.0),25/03/26 23:00:00,Annual,Old-age dependency ratio 1st variant (population 65 years or over to population 15 to 64 years),Netherlands,2020,30.1,,
ESTAT:TPS00198(1.0),25/03/26 23:00:00,Annual,Old-age dependency ratio 1st variant (population 65 years or over to population 15 to 64 years),Netherlands,2021,30.6,,
ESTAT:TPS00198(1.0),25/03/26 23:00:00,Annual,Old-age dependency ratio 1st variant (population 65 years or over to population 15 to 64 years),Netherlands,2022,31.1,,
ESTAT:TPS00198(1.0),25/03/26 23:00:00,Annual,Old-age dependency ratio 1st variant (population 65 years or over to population 15 to 64 years),Netherlands,2023,31.4,,
ESTAT:TPS00198(1.0),25/03/26 23:00:00,Annual,Old-age dependency ratio 1st variant (population 65 years or over to population 15 to 64 years),Netherlands,2024,31.8,,
ESTAT:TPS00198(1.0),25/03/26 23:00:00,Annual,Old-age dependency ratio 1st variant (population 65 years or over to population 15 to 64 years),Netherlands,2025,32.4,,
ESTAT:TPS00198(1.0),25/03/26 23:00:00,Annual,Old-age dependency ratio 1st variant (population 65 years or over to population 15 to 64 years),Norway,2014,24.1,,
ESTAT:TPS00198(1.0),25/03/26 23:00:00,Annual,Old-age dependency ratio 1st variant (population 65 years or over to population 15 to 64 years),Norway,2015,24.5,,
ESTAT:TPS00198(1.0),25/03/26 23:00:00,Annual,Old-age dependency ratio 1st variant (population 65 years or over to population 15 to 64 years),Norway,2016,25.0,,
ESTAT:TPS00198(1.0),25/03/26 23:00:00,Annual,Old-age dependency ratio 1st variant (population 65 years or over to population 15 to 64 years),Norway,2017,25.4,,
ESTAT:TPS00198(1.0),25/03/26 23:00:00,Annual,Old-age dependency ratio 1st variant (population 65 years or over to population 15 to 64 years),Norway,2018,25.9,,
ESTAT:TPS00198(1.0),25/03/26 23:00:00,Annual,Old-age dependency ratio 1st variant (population 65 years or over to population 15 to 64 years),Norway,2019,26.4,,
ESTAT:TPS00198(1.0),25/03/26 23:00:00,Annual,Old-age dependency ratio 1st variant (population 65 years or over to population 15 to 64 years),Norway,2020,26.9,,
ESTAT:TPS00198(1.0),25/03/26 23:00:00,Annual,Old-age dependency ratio 1st variant (population 65 years or over to population 15 to 64 years),Norway,2021,27.6,,
ESTAT:TPS00198(1.0),25/03/26 23:00:00,Annual,Old-age dependency ratio 1st variant (population 65 years or over to population 15 to 64 years),Norway,2022,28.1,,
ESTAT:TPS00198(1.0),25/03/26 23:00:00,Annual,Old-age dependency ratio 1st variant (population 65 years or over to population 15 to 64 years),Norway,2023,28.4,,
ESTAT:TPS00198(1.0),25/03/26 23:00:00,Annual,Old-age dependency ratio 1st variant (population 65 years or over to population 15 to 64 years),Norway,2024,28.8,,
ESTAT:TPS00198(1.0),25/03/26 23:00:00,Annual,Old-age dependency ratio 1st variant (population 65 years or over to population 15 to 64 years),Norway,2025,29.2,,
ESTAT:TPS00198(1.0),25/03/26 23:00:00,Annual,Old-age dependency ratio 1st variant (population 65 years or over to population 15 to 64 years),Poland,2014,21.2,,
ESTAT:TPS00198(1.0),25/03/26 23:00:00,Annual,Old-age dependency ratio 1st variant (population 65 years or over to population 15 to 64 years),Poland,2015,22.2,,
ESTAT:TPS00198(1.0),25/03/26 23:00:00,Annual,Old-age dependency ratio 1st variant (population 65 years or over to population 15 to 64 years),Poland,2016,23.1,,
ESTAT:TPS00198(1.0),25/03/26 23:00:00,Annual,Old-age dependency ratio 1st variant (population 65 years or over to population 15 to 64 years),Poland,2017,24.2,,
ESTAT:TPS00198(1.0),25/03/26 23:00:00,Annual,Old-age dependency ratio 1st variant (population 65 years or over to population 15 to 64 years),Poland,2018,25.3,,
ESTAT:TPS00198(1.0),25/03/26 23:00:00,Annual,Old-age dependency ratio 1st variant (population 65 years or over to population 15 to 64 years),Poland,2019,26.4,,
ESTAT:TPS00198(1.0),25/03/26 23:00:00,Annual,Old-age dependency ratio 1st variant (population 65 years or over to population 15 to 64 years),Poland,2020,27.5,,
ESTAT:TPS00198(1.0),25/03/26 23:00:00,Annual,Old-age dependency ratio 1st variant (population 65 years or over to population 15 to 64 years),Poland,2021,28.9,bep,
ESTAT:TPS00198(1.0),25/03/26 23:00:00,Annual,Old-age dependency ratio 1st variant (population 65 years or over to population 15 to 64 years),Poland,2022,29.7,ep,
ESTAT:TPS00198(1.0),25/03/26 23:00:00,Annual,Old-age dependency ratio 1st variant (population 65 years or over to population 15 to 64 years),Poland,2023,30.8,ep,
ESTAT:TPS00198(1.0),25/03/26 23:00:00,Annual,Old-age dependency ratio 1st variant (population 65 years or over to population 15 to 64 years),Poland,2024,31.8,ep,
ESTAT:TPS00198(1.0),25/03/26 23:00:00,Annual,Old-age dependency ratio 1st variant (population 65 years or over to population 15 to 64 years),Poland,2025,32.7,ep,
ESTAT:TPS00198(1.0),25/03/26 23:00:00,Annual,Old-age dependency ratio 1st variant (population 65 years or over to population 15 to 64 years),Portugal,2014,30.6,,
ESTAT:TPS00198(1.0),25/03/26 23:00:00,Annual,Old-age dependency ratio 1st variant (population 65 years or over to population 15 to 64 years),Portugal,2015,31.4,,
ESTAT:TPS00198(1.0),25/03/26 23:00:00,Annual,Old-age dependency ratio 1st variant (population 65 years or over to population 15 to 64 years),Portugal,2016,32.1,,
ESTAT:TPS00198(1.0),25/03/26 23:00:00,Annual,Old-age dependency ratio 1st variant (population 65 years or over to population 15 to 64 years),Portugal,2017,33.0,,
ESTAT:TPS00198(1.0),25/03/26 23:00:00,Annual,Old-age dependency ratio 1st variant (population 65 years or over to population 15 to 64 years),Portugal,2018,33.8,,
ESTAT:TPS00198(1.0),25/03/26 23:00:00,Annual,Old-age dependency ratio 1st variant (population 65 years or over to population 15 to 64 years),Portugal,2019,34.6,,
ESTAT:TPS00198(1.0),25/03/26 23:00:00,Annual,Old-age dependency ratio 1st variant (population 65 years or over to population 15 to 64 years),Portugal,2020,35.6,,
ESTAT:TPS00198(1.0),25/03/26 23:00:00,Annual,Old-age dependency ratio 1st variant (population 65 years or over to population 15 to 64 years),Portugal,2021,36.5,,
ESTAT:TPS00198(1.0),25/03/26 23:00:00,Annual,Old-age dependency ratio 1st variant (population 65 years or over to population 15 to 64 years),Portugal,2022,37.3,,
ESTAT:TPS00198(1.0),25/03/26 23:00:00,Annual,Old-age dependency ratio 1st variant (population 65 years or over to population 15 to 64 years),Portugal,2023,37.8,,
ESTAT:TPS00198(1.0),25/03/26 23:00:00,Annual,Old-age dependency ratio 1st variant (population 65 years or over to population 15 to 64 years),Portugal,2024,38.2,,
ESTAT:TPS00198(1.0),25/03/26 23:00:00,Annual,Old-age dependency ratio 1st variant (population 65 years or over to population 15 to 64 years),Portugal,2025,38.6,,
ESTAT:TPS00198(1.0),25/03/26 23:00:00,Annual,Old-age dependency ratio 1st variant (population 65 years or over to population 15 to 64 years),Romania,2014,24.3,e,
ESTAT:TPS00198(1.0),25/03/26 23:00:00,Annual,Old-age dependency ratio 1st variant (population 65 years or over to population 15 to 64 years),Romania,2015,25.2,,
ESTAT:TPS00198(1.0),25/03/26 23:00:00,Annual,Old-age dependency ratio 1st variant (population 65 years or over to population 15 to 64 years),Romania,2016,25.9,,
ESTAT:TPS00198(1.0),25/03/26 23:00:00,Annual,Old-age dependency ratio 1st variant (population 65 years or over to population 15 to 64 years),Romania,2017,26.7,,
ESTAT:TPS00198(1.0),25/03/26 23:00:00,Annual,Old-age dependency ratio 1st variant (population 65 years or over to population 15 to 64 years),Romania,2018,27.5,,
ESTAT:TPS00198(1.0),25/03/26 23:00:00,Annual,Old-age dependency ratio 1st variant (population 65 years or over to population 15 to 64 years),Romania,2019,28.1,,
ESTAT:TPS00198(1.0),25/03/26 23:00:00,Annual,Old-age dependency ratio 1st variant (population 65 years or over to population 15 to 64 years),Romania,2020,29.0,e,
ESTAT:TPS00198(1.0),25/03/26 23:00:00,Annual,Old-age dependency ratio 1st variant (population 65 years or over to population 15 to 64 years),Romania,2021,29.7,e,
ESTAT:TPS00198(1.0),25/03/26 23:00:00,Annual,Old-age dependency ratio 1st variant (population 65 years or over to population 15 to 64 years),Romania,2022,30.3,e,
ESTAT:TPS00198(1.0),25/03/26 23:00:00,Annual,Old-age dependency ratio 1st variant (population 65 years or over to population 15 to 64 years),Romania,2023,30.8,e,
ESTAT:TPS00198(1.0),25/03/26 23:00:00,Annual,Old-age dependency ratio 1st variant (population 65 years or over to population 15 to 64 years),Romania,2024,31.2,e,
ESTAT:TPS00198(1.0),25/03/26 23:00:00,Annual,Old-age dependency ratio 1st variant (population 65 years or over to population 15 to 64 years),Romania,2025,31.6,e,
ESTAT:TPS00198(1.0),25/03/26 23:00:00,Annual,Old-age dependency ratio 1st variant (population 65 years or over to population 15 to 64 years),Serbia,2014,26.7,,
ESTAT:TPS00198(1.0),25/03/26 23:00:00,Annual,Old-age dependency ratio 1st variant (population 65 years or over to population 15 to 64 years),Serbia,2015,27.5,,
ESTAT:TPS00198(1.0),25/03/26 23:00:00,Annual,Old-age dependency ratio 1st variant (population 65 years or over to population 15 to 64 years),Serbia,2016,28.5,,
ESTAT:TPS00198(1.0),25/03/26 23:00:00,Annual,Old-age dependency ratio 1st variant (population 65 years or over to population 15 to 64 years),Serbia,2017,29.2,,
ESTAT:TPS00198(1.0),25/03/26 23:00:00,Annual,Old-age dependency ratio 1st variant (population 65 years or over to population 15 to 64 years),Serbia,2018,30.3,,
ESTAT:TPS00198(1.0),25/03/26 23:00:00,Annual,Old-age dependency ratio 1st variant (population 65 years or over to population 15 to 64 years),Serbia,2019,31.3,,
ESTAT:TPS00198(1.0),25/03/26 23:00:00,Annual,Old-age dependency ratio 1st variant (population 65 years or over to population 15 to 64 years),Serbia,2020,32.4,,
ESTAT:TPS00198(1.0),25/03/26 23:00:00,Annual,Old-age dependency ratio 1st variant (population 65 years or over to population 15 to 64 years),Serbia,2021,33.0,,
ESTAT:TPS00198(1.0),25/03/26 23:00:00,Annual,Old-age dependency ratio 1st variant (population 65 years or over to population 15 to 64 years),Serbia,2022,33.1,,
ESTAT:TPS00198(1.0),25/03/26 23:00:00,Annual,Old-age dependency ratio 1st variant (population 65 years or over to population 15 to 64 years),Serbia,2023,34.9,b,
ESTAT:TPS00198(1.0),25/03/26 23:00:00,Annual,Old-age dependency ratio 1st variant (population 65 years or over to population 15 to 64 years),Serbia,2024,35.6,,
ESTAT:TPS00198(1.0),25/03/26 23:00:00,Annual,Old-age dependency ratio 1st variant (population 65 years or over to population 15 to 64 years),Serbia,2025,36.2,,
ESTAT:TPS00198(1.0),25/03/26 23:00:00,Annual,Old-age dependency ratio 1st variant (population 65 years or over to population 15 to 64 years),Russia,2014,18.6,,
ESTAT:TPS00198(1.0),25/03/26 23:00:00,Annual,Old-age dependency ratio 1st variant (population 65 years or over to population 15 to 64 years),Sweden,2014,30.6,,
ESTAT:TPS00198(1.0),25/03/26 23:00:00,Annual,Old-age dependency ratio 1st variant (population 65 years or over to population 15 to 64 years),Sweden,2015,31.1,,
ESTAT:TPS00198(1.0),25/03/26 23:00:00,Annual,Old-age dependency ratio 1st variant (population 65 years or over to population 15 to 64 years),Sweden,2016,31.5,,
ESTAT:TPS00198(1.0),25/03/26 23:00:00,Annual,Old-age dependency ratio 1st variant (population 65 years or over to population 15 to 64 years),Sweden,2017,31.6,,
ESTAT:TPS00198(1.0),25/03/26 23:00:00,Annual,Old-age dependency ratio 1st variant (population 65 years or over to population 15 to 64 years),Sweden,2018,31.7,,
ESTAT:TPS00198(1.0),25/03/26 23:00:00,Annual,Old-age dependency ratio 1st variant (population 65 years or over to population 15 to 64 years),Sweden,2019,31.9,,
ESTAT:TPS00198(1.0),25/03/26 23:00:00,Annual,Old-age dependency ratio 1st variant (population 65 years or over to population 15 to 64 years),Sweden,2020,32.1,,
ESTAT:TPS00198(1.0),25/03/26 23:00:00,Annual,Old-age dependency ratio 1st variant (population 65 years or over to population 15 to 64 years),Sweden,2021,32.4,,
ESTAT:TPS00198(1.0),25/03/26 23:00:00,Annual,Old-age dependency ratio 1st variant (population 65 years or over to population 15 to 64 years),Sweden,2022,32.6,,
ESTAT:TPS00198(1.0),25/03/26 23:00:00,Annual,Old-age dependency ratio 1st variant (population 65 years or over to population 15 to 64 years),Sweden,2023,32.8,,
ESTAT:TPS00198(1.0),25/03/26 23:00:00,Annual,Old-age dependency ratio 1st variant (population 65 years or over to population 15 to 64 years),Sweden,2024,33.1,,
ESTAT:TPS00198(1.0),25/03/26 23:00:00,Annual,Old-age dependency ratio 1st variant (population 65 years or over to population 15 to 64 years),Sweden,2025,33.4,,
ESTAT:TPS00198(1.0),25/03/26 23:00:00,Annual,Old-age dependency ratio 1st variant (population 65 years or over to population 15 to 64 years),Slovenia,2014,25.7,,
ESTAT:TPS00198(1.0),25/03/26 23:00:00,Annual,Old-age dependency ratio 1st variant (population 65 years or over to population 15 to 64 years),Slovenia,2015,26.6,,
ESTAT:TPS00198(1.0),25/03/26 23:00:00,Annual,Old-age dependency ratio 1st variant (population 65 years or over to population 15 to 64 years),Slovenia,2016,27.6,,
ESTAT:TPS00198(1.0),25/03/26 23:00:00,Annual,Old-age dependency ratio 1st variant (population 65 years or over to population 15 to 64 years),Slovenia,2017,28.6,,
ESTAT:TPS00198(1.0),25/03/26 23:00:00,Annual,Old-age dependency ratio 1st variant (population 65 years or over to population 15 to 64 years),Slovenia,2018,29.6,,
ESTAT:TPS00198(1.0),25/03/26 23:00:00,Annual,Old-age dependency ratio 1st variant (population 65 years or over to population 15 to 64 years),Slovenia,2019,30.5,,
ESTAT:TPS00198(1.0),25/03/26 23:00:00,Annual,Old-age dependency ratio 1st variant (population 65 years or over to population 15 to 64 years),Slovenia,2020,31.3,,
ESTAT:TPS00198(1.0),25/03/26 23:00:00,Annual,Old-age dependency ratio 1st variant (population 65 years or over to population 15 to 64 years),Slovenia,2021,32.1,,
ESTAT:TPS00198(1.0),25/03/26 23:00:00,Annual,Old-age dependency ratio 1st variant (population 65 years or over to population 15 to 64 years),Slovenia,2022,33.1,,
ESTAT:TPS00198(1.0),25/03/26 23:00:00,Annual,Old-age dependency ratio 1st variant (population 65 years or over to population 15 to 64 years),Slovenia,2023,33.7,,
ESTAT:TPS00198(1.0),25/03/26 23:00:00,Annual,Old-age dependency ratio 1st variant (population 65 years or over to population 15 to 64 years),Slovenia,2024,34.3,,
ESTAT:TPS00198(1.0),25/03/26 23:00:00,Annual,Old-age dependency ratio 1st variant (population 65 years or over to population 15 to 64 years),Slovenia,2025,34.9,,
ESTAT:TPS00198(1.0),25/03/26 23:00:00,Annual,Old-age dependency ratio 1st variant (population 65 years or over to population 15 to 64 years),Slovakia,2014,19.0,,
ESTAT:TPS00198(1.0),25/03/26 23:00:00,Annual,Old-age dependency ratio 1st variant (population 65 years or over to population 15 to 64 years),Slovakia,2015,19.7,,
ESTAT:TPS00198(1.0),25/03/26 23:00:00,Annual,Old-age dependency ratio 1st variant (population 65 years or over to population 15 to 64 years),Slovakia,2016,20.6,,
ESTAT:TPS00198(1.0),25/03/26 23:00:00,Annual,Old-age dependency ratio 1st variant (population 65 years or over to population 15 to 64 years),Slovakia,2017,21.5,,
ESTAT:TPS00198(1.0),25/03/26 23:00:00,Annual,Old-age dependency ratio 1st variant (population 65 years or over to population 15 to 64 years),Slovakia,2018,22.5,,
ESTAT:TPS00198(1.0),25/03/26 23:00:00,Annual,Old-age dependency ratio 1st variant (population 65 years or over to population 15 to 64 years),Slovakia,2019,23.5,,
ESTAT:TPS00198(1.0),25/03/26 23:00:00,Annual,Old-age dependency ratio 1st variant (population 65 years or over to population 15 to 64 years),Slovakia,2020,24.5,,
ESTAT:TPS00198(1.0),25/03/26 23:00:00,Annual,Old-age dependency ratio 1st variant (population 65 years or over to population 15 to 64 years),Slovakia,2021,25.5,,
ESTAT:TPS00198(1.0),25/03/26 23:00:00,Annual,Old-age dependency ratio 1st variant (population 65 years or over to population 15 to 64 years),Slovakia,2022,26.1,,
ESTAT:TPS00198(1.0),25/03/26 23:00:00,Annual,Old-age dependency ratio 1st variant (population 65 years or over to population 15 to 64 years),Slovakia,2023,27.0,,
ESTAT:TPS00198(1.0),25/03/26 23:00:00,Annual,Old-age dependency ratio 1st variant (population 65 years or over to population 15 to 64 years),Slovakia,2024,27.9,,
ESTAT:TPS00198(1.0),25/03/26 23:00:00,Annual,Old-age dependency ratio 1st variant (population 65 years or over to population 15 to 64 years),Slovakia,2025,28.7,,
ESTAT:TPS00198(1.0),25/03/26 23:00:00,Annual,Old-age dependency ratio 1st variant (population 65 years or over to population 15 to 64 years),San Marino,2018,28.7,,
ESTAT:TPS00198(1.0),25/03/26 23:00:00,Annual,Old-age dependency ratio 1st variant (population 65 years or over to population 15 to 64 years),Türkiye,2014,11.3,,
ESTAT:TPS00198(1.0),25/03/26 23:00:00,Annual,Old-age dependency ratio 1st variant (population 65 years or over to population 15 to 64 years),Türkiye,2015,11.8,,
ESTAT:TPS00198(1.0),25/03/26 23:00:00,Annual,Old-age dependency ratio 1st variant (population 65 years or over to population 15 to 64 years),Türkiye,2016,12.2,,
ESTAT:TPS00198(1.0),25/03/26 23:00:00,Annual,Old-age dependency ratio 1st variant (population 65 years or over to population 15 to 64 years),Türkiye,2017,12.3,,
ESTAT:TPS00198(1.0),25/03/26 23:00:00,Annual,Old-age dependency ratio 1st variant (population 65 years or over to population 15 to 64 years),Türkiye,2018,12.6,,
ESTAT:TPS00198(1.0),25/03/26 23:00:00,Annual,Old-age dependency ratio 1st variant (population 65 years or over to population 15 to 64 years),Türkiye,2019,12.9,,
ESTAT:TPS00198(1.0),25/03/26 23:00:00,Annual,Old-age dependency ratio 1st variant (population 65 years or over to population 15 to 64 years),Türkiye,2020,13.4,,
ESTAT:TPS00198(1.0),25/03/26 23:00:00,Annual,Old-age dependency ratio 1st variant (population 65 years or over to population 15 to 64 years),Türkiye,2021,14.1,,
ESTAT:TPS00198(1.0),25/03/26 23:00:00,Annual,Old-age dependency ratio 1st variant (population 65 years or over to population 15 to 64 years),Türkiye,2023,14.5,,
ESTAT:TPS00198(1.0),25/03/26 23:00:00,Annual,Old-age dependency ratio 1st variant (population 65 years or over to population 15 to 64 years),Türkiye,2024,15.0,,
ESTAT:TPS00198(1.0),25/03/26 23:00:00,Annual,Old-age dependency ratio 1st variant (population 65 years or over to population 15 to 64 years),Türkiye,2025,15.5,,
ESTAT:TPS00198(1.0),25/03/26 23:00:00,Annual,Old-age dependency ratio 1st variant (population 65 years or over to population 15 to 64 years),Ukraine,2014,21.9,,
ESTAT:TPS00198(1.0),25/03/26 23:00:00,Annual,Old-age dependency ratio 1st variant (population 65 years or over to population 15 to 64 years),Ukraine,2015,22.5,,
ESTAT:TPS00198(1.0),25/03/26 23:00:00,Annual,Old-age dependency ratio 1st variant (population 65 years or over to population 15 to 64 years),Ukraine,2016,23.1,,
ESTAT:TPS00198(1.0),25/03/26 23:00:00,Annual,Old-age dependency ratio 1st variant (population 65 years or over to population 15 to 64 years),Ukraine,2017,23.7,,
ESTAT:TPS00198(1.0),25/03/26 23:00:00,Annual,Old-age dependency ratio 1st variant (population 65 years or over to population 15 to 64 years),Ukraine,2018,24.3,,
ESTAT:TPS00198(1.0),25/03/26 23:00:00,Annual,Old-age dependency ratio 1st variant (population 65 years or over to population 15 to 64 years),Ukraine,2019,24.7,,
ESTAT:TPS00198(1.0),25/03/26 23:00:00,Annual,Old-age dependency ratio 1st variant (population 65 years or over to population 15 to 64 years),Ukraine,2020,25.3,,
ESTAT:TPS00198(1.0),25/03/26 23:00:00,Annual,Old-age dependency ratio 1st variant (population 65 years or over to population 15 to 64 years),Ukraine,2021,25.8,,
ESTAT:TPS00198(1.0),25/03/26 23:00:00,Annual,Old-age dependency ratio 1st variant (population 65 years or over to population 15 to 64 years),Ukraine,2022,26.2,,
ESTAT:TPS00198(1.0),25/03/26 23:00:00,Annual,Old-age dependency ratio 1st variant (population 65 years or over to population 15 to 64 years),United Kingdom,2014,27.0,,
ESTAT:TPS00198(1.0),25/03/26 23:00:00,Annual,Old-age dependency ratio 1st variant (population 65 years or over to population 15 to 64 years),United Kingdom,2015,27.5,,
ESTAT:TPS00198(1.0),25/03/26 23:00:00,Annual,Old-age dependency ratio 1st variant (population 65 years or over to population 15 to 64 years),United Kingdom,2016,27.8,,
ESTAT:TPS00198(1.0),25/03/26 23:00:00,Annual,Old-age dependency ratio 1st variant (population 65 years or over to population 15 to 64 years),United Kingdom,2017,28.2,,
ESTAT:TPS00198(1.0),25/03/26 23:00:00,Annual,Old-age dependency ratio 1st variant (population 65 years or over to population 15 to 64 years),United Kingdom,2018,28.6,,
ESTAT:TPS00198(1.0),25/03/26 23:00:00,Annual,Old-age dependency ratio 1st variant (population 65 years or over to population 15 to 64 years),United Kingdom,2019,28.9,,
ESTAT:TPS00198(1.0),25/03/26 23:00:00,Annual,Old-age dependency ratio 1st variant (population 65 years or over to population 15 to 64 years),Kosovo*,2016,10.9,,
ESTAT:TPS00198(1.0),25/03/26 23:00:00,Annual,Old-age dependency ratio 1st variant (population 65 years or over to population 15 to 64 years),Kosovo*,2017,12.1,,
ESTAT:TPS00198(1.0),25/03/26 23:00:00,Annual,Old-age dependency ratio 1st variant (population 65 years or over to population 15 to 64 years),Kosovo*,2018,12.1,,
ESTAT:TPS00198(1.0),25/03/26 23:00:00,Annual,Old-age dependency ratio 1st variant (population 65 years or over to population 15 to 64 years),Kosovo*,2019,12.7,,
ESTAT:TPS00198(1.0),25/03/26 23:00:00,Annual,Old-age dependency ratio 1st variant (population 65 years or over to population 15 to 64 years),Kosovo*,2020,13.2,,
ESTAT:TPS00198(1.0),25/03/26 23:00:00,Annual,Old-age dependency ratio 1st variant (population 65 years or over to population 15 to 64 years),Kosovo*,2021,13.2,,
ESTAT:TPS00198(1.0),25/03/26 23:00:00,Annual,Old-age dependency ratio 1st variant (population 65 years or over to population 15 to 64 years),Kosovo*,2022,13.6,,
