DATAFLOW,LAST UPDATE,freq,unit,geo,TIME_PERIOD,OBS_VALUE,OBS_FLAG,CONF_STATUS
ESTAT:TPS00003(1.0),25/02/26 23:00:00,Annual,Persons per square kilometre,Albania,2013,100.6,,
ESTAT:TPS00003(1.0),25/02/26 23:00:00,Annual,Persons per square kilometre,Albania,2014,100.4,,
ESTAT:TPS00003(1.0),25/02/26 23:00:00,Annual,Persons per square kilometre,Albania,2015,100.1,,
ESTAT:TPS00003(1.0),25/02/26 23:00:00,Annual,Persons per square kilometre,Albania,2016,99.9,,
ESTAT:TPS00003(1.0),25/02/26 23:00:00,Annual,Persons per square kilometre,Albania,2017,99.8,,
ESTAT:TPS00003(1.0),25/02/26 23:00:00,Annual,Persons per square kilometre,Albania,2018,99.6,,
ESTAT:TPS00003(1.0),25/02/26 23:00:00,Annual,Persons per square kilometre,Albania,2019,99.1,,
ESTAT:TPS00003(1.0),25/02/26 23:00:00,Annual,Persons per square kilometre,Albania,2020,101.6,e,
ESTAT:TPS00003(1.0),25/02/26 23:00:00,Annual,Persons per square kilometre,Albania,2021,101.0,e,
ESTAT:TPS00003(1.0),25/02/26 23:00:00,Annual,Persons per square kilometre,Albania,2022,98.8,e,
ESTAT:TPS00003(1.0),25/02/26 23:00:00,Annual,Persons per square kilometre,Albania,2024,84.6,e,
ESTAT:TPS00003(1.0),25/02/26 23:00:00,Annual,Persons per square kilometre,Austria,2013,102.9,,
ESTAT:TPS00003(1.0),25/02/26 23:00:00,Annual,Persons per square kilometre,Austria,2014,103.7,,
ESTAT:TPS00003(1.0),25/02/26 23:00:00,Annual,Persons per square kilometre,Austria,2015,104.9,,
ESTAT:TPS00003(1.0),25/02/26 23:00:00,Annual,Persons per square kilometre,Austria,2016,106.0,b,
ESTAT:TPS00003(1.0),25/02/26 23:00:00,Annual,Persons per square kilometre,Austria,2017,106.8,,
ESTAT:TPS00003(1.0),25/02/26 23:00:00,Annual,Persons per square kilometre,Austria,2018,107.1,,
ESTAT:TPS00003(1.0),25/02/26 23:00:00,Annual,Persons per square kilometre,Austria,2019,107.6,,
ESTAT:TPS00003(1.0),25/02/26 23:00:00,Annual,Persons per square kilometre,Austria,2020,107.6,,
ESTAT:TPS00003(1.0),25/02/26 23:00:00,Annual,Persons per square kilometre,Austria,2021,108.1,,
ESTAT:TPS00003(1.0),25/02/26 23:00:00,Annual,Persons per square kilometre,Austria,2022,109.6,,
ESTAT:TPS00003(1.0),25/02/26 23:00:00,Annual,Persons per square kilometre,Austria,2023,110.7,,
ESTAT:TPS00003(1.0),25/02/26 23:00:00,Annual,Persons per square kilometre,Austria,2024,111.3,,
ESTAT:TPS00003(1.0),25/02/26 23:00:00,Annual,Persons per square kilometre,Belgium,2013,368.0,,
ESTAT:TPS00003(1.0),25/02/26 23:00:00,Annual,Persons per square kilometre,Belgium,2014,369.6,,
ESTAT:TPS00003(1.0),25/02/26 23:00:00,Annual,Persons per square kilometre,Belgium,2015,371.8,,
ESTAT:TPS00003(1.0),25/02/26 23:00:00,Annual,Persons per square kilometre,Belgium,2016,373.7,b,
ESTAT:TPS00003(1.0),25/02/26 23:00:00,Annual,Persons per square kilometre,Belgium,2017,373.6,,
ESTAT:TPS00003(1.0),25/02/26 23:00:00,Annual,Persons per square kilometre,Belgium,2018,375.3,,
ESTAT:TPS00003(1.0),25/02/26 23:00:00,Annual,Persons per square kilometre,Belgium,2019,377.3,,
ESTAT:TPS00003(1.0),25/02/26 23:00:00,Annual,Persons per square kilometre,Belgium,2020,377.3,,
ESTAT:TPS00003(1.0),25/02/26 23:00:00,Annual,Persons per square kilometre,Belgium,2021,378.9,,
ESTAT:TPS00003(1.0),25/02/26 23:00:00,Annual,Persons per square kilometre,Belgium,2022,383.6,,
ESTAT:TPS00003(1.0),25/02/26 23:00:00,Annual,Persons per square kilometre,Belgium,2023,386.8,,
ESTAT:TPS00003(1.0),25/02/26 23:00:00,Annual,Persons per square kilometre,Belgium,2024,389.1,,
ESTAT:TPS00003(1.0),25/02/26 23:00:00,Annual,Persons per square kilometre,Bulgaria,2013,66.7,,
ESTAT:TPS00003(1.0),25/02/26 23:00:00,Annual,Persons per square kilometre,Bulgaria,2014,66.3,,
ESTAT:TPS00003(1.0),25/02/26 23:00:00,Annual,Persons per square kilometre,Bulgaria,2015,66.2,,
ESTAT:TPS00003(1.0),25/02/26 23:00:00,Annual,Persons per square kilometre,Bulgaria,2016,64.8,b,
ESTAT:TPS00003(1.0),25/02/26 23:00:00,Annual,Persons per square kilometre,Bulgaria,2017,64.3,,
ESTAT:TPS00003(1.0),25/02/26 23:00:00,Annual,Persons per square kilometre,Bulgaria,2018,63.9,,
ESTAT:TPS00003(1.0),25/02/26 23:00:00,Annual,Persons per square kilometre,Bulgaria,2019,63.4,,
ESTAT:TPS00003(1.0),25/02/26 23:00:00,Annual,Persons per square kilometre,Bulgaria,2020,63.4,,
ESTAT:TPS00003(1.0),25/02/26 23:00:00,Annual,Persons per square kilometre,Bulgaria,2021,63.0,,
ESTAT:TPS00003(1.0),25/02/26 23:00:00,Annual,Persons per square kilometre,Bulgaria,2022,58.8,,
ESTAT:TPS00003(1.0),25/02/26 23:00:00,Annual,Persons per square kilometre,Bulgaria,2023,58.6,,
ESTAT:TPS00003(1.0),25/02/26 23:00:00,Annual,Persons per square kilometre,Bulgaria,2024,58.6,,
ESTAT:TPS00003(1.0),25/02/26 23:00:00,Annual,Persons per square kilometre,Switzerland,2013,202.3,,
ESTAT:TPS00003(1.0),25/02/26 23:00:00,Annual,Persons per square kilometre,Switzerland,2014,204.7,,
ESTAT:TPS00003(1.0),25/02/26 23:00:00,Annual,Persons per square kilometre,Switzerland,2015,207.1,,
ESTAT:TPS00003(1.0),25/02/26 23:00:00,Annual,Persons per square kilometre,Switzerland,2016,210.1,b,
ESTAT:TPS00003(1.0),25/02/26 23:00:00,Annual,Persons per square kilometre,Switzerland,2017,212.0,,
ESTAT:TPS00003(1.0),25/02/26 23:00:00,Annual,Persons per square kilometre,Switzerland,2018,213.6,,
ESTAT:TPS00003(1.0),25/02/26 23:00:00,Annual,Persons per square kilometre,Switzerland,2019,215.1,,
ESTAT:TPS00003(1.0),25/02/26 23:00:00,Annual,Persons per square kilometre,Switzerland,2020,215.1,,
ESTAT:TPS00003(1.0),25/02/26 23:00:00,Annual,Persons per square kilometre,Switzerland,2021,216.7,,
ESTAT:TPS00003(1.0),25/02/26 23:00:00,Annual,Persons per square kilometre,Switzerland,2022,220.2,,
ESTAT:TPS00003(1.0),25/02/26 23:00:00,Annual,Persons per square kilometre,Switzerland,2023,223.0,,
ESTAT:TPS00003(1.0),25/02/26 23:00:00,Annual,Persons per square kilometre,Switzerland,2024,226.0,,
ESTAT:TPS00003(1.0),25/02/26 23:00:00,Annual,Persons per square kilometre,Cyprus,2013,93.5,,
ESTAT:TPS00003(1.0),25/02/26 23:00:00,Annual,Persons per square kilometre,Cyprus,2014,92.5,,
ESTAT:TPS00003(1.0),25/02/26 23:00:00,Annual,Persons per square kilometre,Cyprus,2015,92.0,,
ESTAT:TPS00003(1.0),25/02/26 23:00:00,Annual,Persons per square kilometre,Cyprus,2016,92.4,b,
ESTAT:TPS00003(1.0),25/02/26 23:00:00,Annual,Persons per square kilometre,Cyprus,2017,93.3,,
ESTAT:TPS00003(1.0),25/02/26 23:00:00,Annual,Persons per square kilometre,Cyprus,2018,94.4,,
ESTAT:TPS00003(1.0),25/02/26 23:00:00,Annual,Persons per square kilometre,Cyprus,2019,95.7,,
ESTAT:TPS00003(1.0),25/02/26 23:00:00,Annual,Persons per square kilometre,Cyprus,2020,95.7,,
ESTAT:TPS00003(1.0),25/02/26 23:00:00,Annual,Persons per square kilometre,Cyprus,2021,96.8,,
ESTAT:TPS00003(1.0),25/02/26 23:00:00,Annual,Persons per square kilometre,Cyprus,2022,100.6,b,
ESTAT:TPS00003(1.0),25/02/26 23:00:00,Annual,Persons per square kilometre,Cyprus,2023,104.0,b,
ESTAT:TPS00003(1.0),25/02/26 23:00:00,Annual,Persons per square kilometre,Cyprus,2024,105.8,,
ESTAT:TPS00003(1.0),25/02/26 23:00:00,Annual,Persons per square kilometre,Czechia,2013,136.1,,
ESTAT:TPS00003(1.0),25/02/26 23:00:00,Annual,Persons per square kilometre,Czechia,2014,136.3,,
ESTAT:TPS00003(1.0),25/02/26 23:00:00,Annual,Persons per square kilometre,Czechia,2015,136.6,,
ESTAT:TPS00003(1.0),25/02/26 23:00:00,Annual,Persons per square kilometre,Czechia,2016,136.8,b,
ESTAT:TPS00003(1.0),25/02/26 23:00:00,Annual,Persons per square kilometre,Czechia,2017,137.2,,
ESTAT:TPS00003(1.0),25/02/26 23:00:00,Annual,Persons per square kilometre,Czechia,2018,137.7,,
ESTAT:TPS00003(1.0),25/02/26 23:00:00,Annual,Persons per square kilometre,Czechia,2019,138.2,,
ESTAT:TPS00003(1.0),25/02/26 23:00:00,Annual,Persons per square kilometre,Czechia,2020,138.2,,
ESTAT:TPS00003(1.0),25/02/26 23:00:00,Annual,Persons per square kilometre,Czechia,2021,138.6,,
ESTAT:TPS00003(1.0),25/02/26 23:00:00,Annual,Persons per square kilometre,Czechia,2022,138.2,,
ESTAT:TPS00003(1.0),25/02/26 23:00:00,Annual,Persons per square kilometre,Czechia,2023,140.7,,
ESTAT:TPS00003(1.0),25/02/26 23:00:00,Annual,Persons per square kilometre,Czechia,2024,141.2,,
ESTAT:TPS00003(1.0),25/02/26 23:00:00,Annual,Persons per square kilometre,Germany,2013,225.8,,
ESTAT:TPS00003(1.0),25/02/26 23:00:00,Annual,Persons per square kilometre,Germany,2014,226.5,,
ESTAT:TPS00003(1.0),25/02/26 23:00:00,Annual,Persons per square kilometre,Germany,2015,228.4,,
ESTAT:TPS00003(1.0),25/02/26 23:00:00,Annual,Persons per square kilometre,Germany,2016,233.1,b,
ESTAT:TPS00003(1.0),25/02/26 23:00:00,Annual,Persons per square kilometre,Germany,2017,234.0,,
ESTAT:TPS00003(1.0),25/02/26 23:00:00,Annual,Persons per square kilometre,Germany,2018,234.7,,
ESTAT:TPS00003(1.0),25/02/26 23:00:00,Annual,Persons per square kilometre,Germany,2019,235.2,,
ESTAT:TPS00003(1.0),25/02/26 23:00:00,Annual,Persons per square kilometre,Germany,2020,235.2,,
ESTAT:TPS00003(1.0),25/02/26 23:00:00,Annual,Persons per square kilometre,Germany,2021,235.4,,
ESTAT:TPS00003(1.0),25/02/26 23:00:00,Annual,Persons per square kilometre,Germany,2022,235.4,b,
ESTAT:TPS00003(1.0),25/02/26 23:00:00,Annual,Persons per square kilometre,Germany,2023,235.8,b,
ESTAT:TPS00003(1.0),25/02/26 23:00:00,Annual,Persons per square kilometre,Germany,2024,236.4,,
ESTAT:TPS00003(1.0),25/02/26 23:00:00,Annual,Persons per square kilometre,Denmark,2013,130.8,,
ESTAT:TPS00003(1.0),25/02/26 23:00:00,Annual,Persons per square kilometre,Denmark,2014,131.5,,
ESTAT:TPS00003(1.0),25/02/26 23:00:00,Annual,Persons per square kilometre,Denmark,2015,132.4,,
ESTAT:TPS00003(1.0),25/02/26 23:00:00,Annual,Persons per square kilometre,Denmark,2016,136.4,b,
ESTAT:TPS00003(1.0),25/02/26 23:00:00,Annual,Persons per square kilometre,Denmark,2017,137.3,,
ESTAT:TPS00003(1.0),25/02/26 23:00:00,Annual,Persons per square kilometre,Denmark,2018,138.0,,
ESTAT:TPS00003(1.0),25/02/26 23:00:00,Annual,Persons per square kilometre,Denmark,2019,138.5,,
ESTAT:TPS00003(1.0),25/02/26 23:00:00,Annual,Persons per square kilometre,Denmark,2020,138.5,,
ESTAT:TPS00003(1.0),25/02/26 23:00:00,Annual,Persons per square kilometre,Denmark,2021,138.9,,
ESTAT:TPS00003(1.0),25/02/26 23:00:00,Annual,Persons per square kilometre,Denmark,2022,140.6,,
ESTAT:TPS00003(1.0),25/02/26 23:00:00,Annual,Persons per square kilometre,Denmark,2023,141.6,,
ESTAT:TPS00003(1.0),25/02/26 23:00:00,Annual,Persons per square kilometre,Denmark,2024,142.4,,
ESTAT:TPS00003(1.0),25/02/26 23:00:00,Annual,Persons per square kilometre,Estonia,2013,30.3,,
ESTAT:TPS00003(1.0),25/02/26 23:00:00,Annual,Persons per square kilometre,Estonia,2014,30.3,,
ESTAT:TPS00003(1.0),25/02/26 23:00:00,Annual,Persons per square kilometre,Estonia,2015,30.3,,
ESTAT:TPS00003(1.0),25/02/26 23:00:00,Annual,Persons per square kilometre,Estonia,2016,30.3,b,
ESTAT:TPS00003(1.0),25/02/26 23:00:00,Annual,Persons per square kilometre,Estonia,2017,30.3,,
ESTAT:TPS00003(1.0),25/02/26 23:00:00,Annual,Persons per square kilometre,Estonia,2018,30.4,,
ESTAT:TPS00003(1.0),25/02/26 23:00:00,Annual,Persons per square kilometre,Estonia,2019,30.5,,
ESTAT:TPS00003(1.0),25/02/26 23:00:00,Annual,Persons per square kilometre,Estonia,2020,30.5,,
ESTAT:TPS00003(1.0),25/02/26 23:00:00,Annual,Persons per square kilometre,Estonia,2021,30.6,,
ESTAT:TPS00003(1.0),25/02/26 23:00:00,Annual,Persons per square kilometre,Estonia,2022,31.3,,
ESTAT:TPS00003(1.0),25/02/26 23:00:00,Annual,Persons per square kilometre,Estonia,2023,31.8,,
ESTAT:TPS00003(1.0),25/02/26 23:00:00,Annual,Persons per square kilometre,Estonia,2024,31.8,,
ESTAT:TPS00003(1.0),25/02/26 23:00:00,Annual,Persons per square kilometre,Greece,2013,83.0,,
ESTAT:TPS00003(1.0),25/02/26 23:00:00,Annual,Persons per square kilometre,Greece,2014,82.5,,
ESTAT:TPS00003(1.0),25/02/26 23:00:00,Annual,Persons per square kilometre,Greece,2015,82.7,,
ESTAT:TPS00003(1.0),25/02/26 23:00:00,Annual,Persons per square kilometre,Greece,2016,82.4,b,
ESTAT:TPS00003(1.0),25/02/26 23:00:00,Annual,Persons per square kilometre,Greece,2017,82.2,,
ESTAT:TPS00003(1.0),25/02/26 23:00:00,Annual,Persons per square kilometre,Greece,2018,82.5,,
ESTAT:TPS00003(1.0),25/02/26 23:00:00,Annual,Persons per square kilometre,Greece,2019,82.4,,
ESTAT:TPS00003(1.0),25/02/26 23:00:00,Annual,Persons per square kilometre,Greece,2020,82.4,,
ESTAT:TPS00003(1.0),25/02/26 23:00:00,Annual,Persons per square kilometre,Greece,2021,82.3,,
ESTAT:TPS00003(1.0),25/02/26 23:00:00,Annual,Persons per square kilometre,Greece,2022,80.3,,
ESTAT:TPS00003(1.0),25/02/26 23:00:00,Annual,Persons per square kilometre,Greece,2023,80.0,,
ESTAT:TPS00003(1.0),25/02/26 23:00:00,Annual,Persons per square kilometre,Greece,2024,79.8,,
ESTAT:TPS00003(1.0),25/02/26 23:00:00,Annual,Persons per square kilometre,Spain,2013,92.9,,
ESTAT:TPS00003(1.0),25/02/26 23:00:00,Annual,Persons per square kilometre,Spain,2014,92.5,,
ESTAT:TPS00003(1.0),25/02/26 23:00:00,Annual,Persons per square kilometre,Spain,2015,92.5,,
ESTAT:TPS00003(1.0),25/02/26 23:00:00,Annual,Persons per square kilometre,Spain,2016,92.5,b,
ESTAT:TPS00003(1.0),25/02/26 23:00:00,Annual,Persons per square kilometre,Spain,2017,92.7,,
ESTAT:TPS00003(1.0),25/02/26 23:00:00,Annual,Persons per square kilometre,Spain,2018,93.1,,
ESTAT:TPS00003(1.0),25/02/26 23:00:00,Annual,Persons per square kilometre,Spain,2019,93.8,,
ESTAT:TPS00003(1.0),25/02/26 23:00:00,Annual,Persons per square kilometre,Spain,2020,93.8,,
ESTAT:TPS00003(1.0),25/02/26 23:00:00,Annual,Persons per square kilometre,Spain,2021,94.2,,
ESTAT:TPS00003(1.0),25/02/26 23:00:00,Annual,Persons per square kilometre,Spain,2022,95.1,,
ESTAT:TPS00003(1.0),25/02/26 23:00:00,Annual,Persons per square kilometre,Spain,2023,96.2,,
ESTAT:TPS00003(1.0),25/02/26 23:00:00,Annual,Persons per square kilometre,Spain,2024,97.2,,
ESTAT:TPS00003(1.0),25/02/26 23:00:00,Annual,Persons per square kilometre,European Union - 27 countries (from 2020),2013,107.4,e,
ESTAT:TPS00003(1.0),25/02/26 23:00:00,Annual,Persons per square kilometre,European Union - 27 countries (from 2020),2014,108.0,e,
ESTAT:TPS00003(1.0),25/02/26 23:00:00,Annual,Persons per square kilometre,European Union - 27 countries (from 2020),2015,108.1,e,
ESTAT:TPS00003(1.0),25/02/26 23:00:00,Annual,Persons per square kilometre,European Union - 27 countries (from 2020),2016,108.5,b,
ESTAT:TPS00003(1.0),25/02/26 23:00:00,Annual,Persons per square kilometre,European Union - 27 countries (from 2020),2017,108.6,,
ESTAT:TPS00003(1.0),25/02/26 23:00:00,Annual,Persons per square kilometre,European Union - 27 countries (from 2020),2018,108.8,,
ESTAT:TPS00003(1.0),25/02/26 23:00:00,Annual,Persons per square kilometre,European Union - 27 countries (from 2020),2019,109.0,,
ESTAT:TPS00003(1.0),25/02/26 23:00:00,Annual,Persons per square kilometre,European Union - 27 countries (from 2020),2020,108.9,be,
ESTAT:TPS00003(1.0),25/02/26 23:00:00,Annual,Persons per square kilometre,European Union - 27 countries (from 2020),2021,109.0,ep,
ESTAT:TPS00003(1.0),25/02/26 23:00:00,Annual,Persons per square kilometre,European Union - 27 countries (from 2020),2022,108.9,bep,
ESTAT:TPS00003(1.0),25/02/26 23:00:00,Annual,Persons per square kilometre,European Union - 27 countries (from 2020),2023,109.3,bep,
ESTAT:TPS00003(1.0),25/02/26 23:00:00,Annual,Persons per square kilometre,European Union - 27 countries (from 2020),2024,109.7,ep,
ESTAT:TPS00003(1.0),25/02/26 23:00:00,Annual,Persons per square kilometre,Finland,2013,17.9,,
ESTAT:TPS00003(1.0),25/02/26 23:00:00,Annual,Persons per square kilometre,Finland,2014,18.0,,
ESTAT:TPS00003(1.0),25/02/26 23:00:00,Annual,Persons per square kilometre,Finland,2015,18.0,,
ESTAT:TPS00003(1.0),25/02/26 23:00:00,Annual,Persons per square kilometre,Finland,2016,18.1,b,
ESTAT:TPS00003(1.0),25/02/26 23:00:00,Annual,Persons per square kilometre,Finland,2017,18.1,,
ESTAT:TPS00003(1.0),25/02/26 23:00:00,Annual,Persons per square kilometre,Finland,2018,18.1,,
ESTAT:TPS00003(1.0),25/02/26 23:00:00,Annual,Persons per square kilometre,Finland,2019,18.2,,
ESTAT:TPS00003(1.0),25/02/26 23:00:00,Annual,Persons per square kilometre,Finland,2020,18.1,,
ESTAT:TPS00003(1.0),25/02/26 23:00:00,Annual,Persons per square kilometre,Finland,2021,18.2,,
ESTAT:TPS00003(1.0),25/02/26 23:00:00,Annual,Persons per square kilometre,Finland,2022,18.3,,
ESTAT:TPS00003(1.0),25/02/26 23:00:00,Annual,Persons per square kilometre,Finland,2023,18.4,,
ESTAT:TPS00003(1.0),25/02/26 23:00:00,Annual,Persons per square kilometre,Finland,2024,18.5,,
ESTAT:TPS00003(1.0),25/02/26 23:00:00,Annual,Persons per square kilometre,France,2013,103.9,,
ESTAT:TPS00003(1.0),25/02/26 23:00:00,Annual,Persons per square kilometre,France,2014,104.6,,
ESTAT:TPS00003(1.0),25/02/26 23:00:00,Annual,Persons per square kilometre,France,2015,105.1,,
ESTAT:TPS00003(1.0),25/02/26 23:00:00,Annual,Persons per square kilometre,France,2016,105.3,,
ESTAT:TPS00003(1.0),25/02/26 23:00:00,Annual,Persons per square kilometre,France,2017,105.6,,
ESTAT:TPS00003(1.0),25/02/26 23:00:00,Annual,Persons per square kilometre,France,2018,105.9,,
ESTAT:TPS00003(1.0),25/02/26 23:00:00,Annual,Persons per square kilometre,France,2019,106.1,,
ESTAT:TPS00003(1.0),25/02/26 23:00:00,Annual,Persons per square kilometre,France,2020,106.3,,
ESTAT:TPS00003(1.0),25/02/26 23:00:00,Annual,Persons per square kilometre,France,2021,106.6,p,
ESTAT:TPS00003(1.0),25/02/26 23:00:00,Annual,Persons per square kilometre,France,2022,107.6,p,
ESTAT:TPS00003(1.0),25/02/26 23:00:00,Annual,Persons per square kilometre,France,2023,107.9,p,
ESTAT:TPS00003(1.0),25/02/26 23:00:00,Annual,Persons per square kilometre,France,2024,108.5,p,
ESTAT:TPS00003(1.0),25/02/26 23:00:00,Annual,Persons per square kilometre,Croatia,2013,75.2,,
ESTAT:TPS00003(1.0),25/02/26 23:00:00,Annual,Persons per square kilometre,Croatia,2014,74.9,,
ESTAT:TPS00003(1.0),25/02/26 23:00:00,Annual,Persons per square kilometre,Croatia,2015,74.4,,
ESTAT:TPS00003(1.0),25/02/26 23:00:00,Annual,Persons per square kilometre,Croatia,2016,74.6,b,
ESTAT:TPS00003(1.0),25/02/26 23:00:00,Annual,Persons per square kilometre,Croatia,2017,73.9,,
ESTAT:TPS00003(1.0),25/02/26 23:00:00,Annual,Persons per square kilometre,Croatia,2018,73.2,,
ESTAT:TPS00003(1.0),25/02/26 23:00:00,Annual,Persons per square kilometre,Croatia,2019,72.8,,
ESTAT:TPS00003(1.0),25/02/26 23:00:00,Annual,Persons per square kilometre,Croatia,2020,72.8,,
ESTAT:TPS00003(1.0),25/02/26 23:00:00,Annual,Persons per square kilometre,Croatia,2021,72.4,,
ESTAT:TPS00003(1.0),25/02/26 23:00:00,Annual,Persons per square kilometre,Croatia,2022,69.0,,
ESTAT:TPS00003(1.0),25/02/26 23:00:00,Annual,Persons per square kilometre,Croatia,2023,69.0,,
ESTAT:TPS00003(1.0),25/02/26 23:00:00,Annual,Persons per square kilometre,Croatia,2024,69.2,,
ESTAT:TPS00003(1.0),25/02/26 23:00:00,Annual,Persons per square kilometre,Hungary,2013,106.4,,
ESTAT:TPS00003(1.0),25/02/26 23:00:00,Annual,Persons per square kilometre,Hungary,2014,108.1,,
ESTAT:TPS00003(1.0),25/02/26 23:00:00,Annual,Persons per square kilometre,Hungary,2015,107.9,,
ESTAT:TPS00003(1.0),25/02/26 23:00:00,Annual,Persons per square kilometre,Hungary,2016,107.6,b,
ESTAT:TPS00003(1.0),25/02/26 23:00:00,Annual,Persons per square kilometre,Hungary,2017,107.3,,
ESTAT:TPS00003(1.0),25/02/26 23:00:00,Annual,Persons per square kilometre,Hungary,2018,107.1,,
ESTAT:TPS00003(1.0),25/02/26 23:00:00,Annual,Persons per square kilometre,Hungary,2019,107.1,,
ESTAT:TPS00003(1.0),25/02/26 23:00:00,Annual,Persons per square kilometre,Hungary,2020,107.1,,
ESTAT:TPS00003(1.0),25/02/26 23:00:00,Annual,Persons per square kilometre,Hungary,2021,106.9,,
ESTAT:TPS00003(1.0),25/02/26 23:00:00,Annual,Persons per square kilometre,Hungary,2022,105.3,,
ESTAT:TPS00003(1.0),25/02/26 23:00:00,Annual,Persons per square kilometre,Hungary,2023,105.1,,
ESTAT:TPS00003(1.0),25/02/26 23:00:00,Annual,Persons per square kilometre,Hungary,2024,104.8,,
ESTAT:TPS00003(1.0),25/02/26 23:00:00,Annual,Persons per square kilometre,Ireland,2013,67.6,,
ESTAT:TPS00003(1.0),25/02/26 23:00:00,Annual,Persons per square kilometre,Ireland,2014,67.8,,
ESTAT:TPS00003(1.0),25/02/26 23:00:00,Annual,Persons per square kilometre,Ireland,2015,68.5,,
ESTAT:TPS00003(1.0),25/02/26 23:00:00,Annual,Persons per square kilometre,Ireland,2016,69.3,b,
ESTAT:TPS00003(1.0),25/02/26 23:00:00,Annual,Persons per square kilometre,Ireland,2017,70.0,,
ESTAT:TPS00003(1.0),25/02/26 23:00:00,Annual,Persons per square kilometre,Ireland,2018,70.9,,
ESTAT:TPS00003(1.0),25/02/26 23:00:00,Annual,Persons per square kilometre,Ireland,2019,71.9,,
ESTAT:TPS00003(1.0),25/02/26 23:00:00,Annual,Persons per square kilometre,Ireland,2020,71.9,e,
ESTAT:TPS00003(1.0),25/02/26 23:00:00,Annual,Persons per square kilometre,Ireland,2021,72.6,,
ESTAT:TPS00003(1.0),25/02/26 23:00:00,Annual,Persons per square kilometre,Ireland,2022,75.9,,
ESTAT:TPS00003(1.0),25/02/26 23:00:00,Annual,Persons per square kilometre,Ireland,2023,77.4,,
ESTAT:TPS00003(1.0),25/02/26 23:00:00,Annual,Persons per square kilometre,Ireland,2024,78.6,,
ESTAT:TPS00003(1.0),25/02/26 23:00:00,Annual,Persons per square kilometre,Iceland,2013,3.2,,
ESTAT:TPS00003(1.0),25/02/26 23:00:00,Annual,Persons per square kilometre,Iceland,2014,3.3,,
ESTAT:TPS00003(1.0),25/02/26 23:00:00,Annual,Persons per square kilometre,Iceland,2015,3.3,,
ESTAT:TPS00003(1.0),25/02/26 23:00:00,Annual,Persons per square kilometre,Iceland,2016,3.3,b,
ESTAT:TPS00003(1.0),25/02/26 23:00:00,Annual,Persons per square kilometre,Iceland,2017,3.4,,
ESTAT:TPS00003(1.0),25/02/26 23:00:00,Annual,Persons per square kilometre,Iceland,2018,3.5,,
ESTAT:TPS00003(1.0),25/02/26 23:00:00,Annual,Persons per square kilometre,Iceland,2019,3.6,,
ESTAT:TPS00003(1.0),25/02/26 23:00:00,Annual,Persons per square kilometre,Iceland,2020,3.6,,
ESTAT:TPS00003(1.0),25/02/26 23:00:00,Annual,Persons per square kilometre,Iceland,2021,3.6,,
ESTAT:TPS00003(1.0),25/02/26 23:00:00,Annual,Persons per square kilometre,Iceland,2022,3.8,,
ESTAT:TPS00003(1.0),25/02/26 23:00:00,Annual,Persons per square kilometre,Iceland,2023,3.8,,
ESTAT:TPS00003(1.0),25/02/26 23:00:00,Annual,Persons per square kilometre,Iceland,2024,3.8,,
ESTAT:TPS00003(1.0),25/02/26 23:00:00,Annual,Persons per square kilometre,Italy,2013,199.4,,
ESTAT:TPS00003(1.0),25/02/26 23:00:00,Annual,Persons per square kilometre,Italy,2014,206.0,,
ESTAT:TPS00003(1.0),25/02/26 23:00:00,Annual,Persons per square kilometre,Italy,2015,205.8,,
ESTAT:TPS00003(1.0),25/02/26 23:00:00,Annual,Persons per square kilometre,Italy,2016,205.4,b,
ESTAT:TPS00003(1.0),25/02/26 23:00:00,Annual,Persons per square kilometre,Italy,2017,203.3,,
ESTAT:TPS00003(1.0),25/02/26 23:00:00,Annual,Persons per square kilometre,Italy,2018,202.9,,
ESTAT:TPS00003(1.0),25/02/26 23:00:00,Annual,Persons per square kilometre,Italy,2019,201.5,,
ESTAT:TPS00003(1.0),25/02/26 23:00:00,Annual,Persons per square kilometre,Italy,2020,200.6,b,
ESTAT:TPS00003(1.0),25/02/26 23:00:00,Annual,Persons per square kilometre,Italy,2021,199.6,,
ESTAT:TPS00003(1.0),25/02/26 23:00:00,Annual,Persons per square kilometre,Italy,2022,198.1,,
ESTAT:TPS00003(1.0),25/02/26 23:00:00,Annual,Persons per square kilometre,Italy,2023,198.1,,
ESTAT:TPS00003(1.0),25/02/26 23:00:00,Annual,Persons per square kilometre,Italy,2024,198.0,,
ESTAT:TPS00003(1.0),25/02/26 23:00:00,Annual,Persons per square kilometre,Liechtenstein,2013,236.8,,
ESTAT:TPS00003(1.0),25/02/26 23:00:00,Annual,Persons per square kilometre,Liechtenstein,2014,235.7,,
ESTAT:TPS00003(1.0),25/02/26 23:00:00,Annual,Persons per square kilometre,Liechtenstein,2015,237.3,,
ESTAT:TPS00003(1.0),25/02/26 23:00:00,Annual,Persons per square kilometre,Liechtenstein,2016,238.7,b,
ESTAT:TPS00003(1.0),25/02/26 23:00:00,Annual,Persons per square kilometre,Liechtenstein,2017,240.3,,
ESTAT:TPS00003(1.0),25/02/26 23:00:00,Annual,Persons per square kilometre,Liechtenstein,2018,242.1,,
ESTAT:TPS00003(1.0),25/02/26 23:00:00,Annual,Persons per square kilometre,Liechtenstein,2019,244.1,,
ESTAT:TPS00003(1.0),25/02/26 23:00:00,Annual,Persons per square kilometre,Liechtenstein,2020,244.1,,
ESTAT:TPS00003(1.0),25/02/26 23:00:00,Annual,Persons per square kilometre,Liechtenstein,2021,246.2,,
ESTAT:TPS00003(1.0),25/02/26 23:00:00,Annual,Persons per square kilometre,Liechtenstein,2022,250.0,,
ESTAT:TPS00003(1.0),25/02/26 23:00:00,Annual,Persons per square kilometre,Liechtenstein,2023,252.2,,
ESTAT:TPS00003(1.0),25/02/26 23:00:00,Annual,Persons per square kilometre,Liechtenstein,2024,256.0,,
ESTAT:TPS00003(1.0),25/02/26 23:00:00,Annual,Persons per square kilometre,Lithuania,2013,47.2,,
ESTAT:TPS00003(1.0),25/02/26 23:00:00,Annual,Persons per square kilometre,Lithuania,2014,46.8,,
ESTAT:TPS00003(1.0),25/02/26 23:00:00,Annual,Persons per square kilometre,Lithuania,2015,46.4,,
ESTAT:TPS00003(1.0),25/02/26 23:00:00,Annual,Persons per square kilometre,Lithuania,2016,45.8,b,
ESTAT:TPS00003(1.0),25/02/26 23:00:00,Annual,Persons per square kilometre,Lithuania,2017,45.2,,
ESTAT:TPS00003(1.0),25/02/26 23:00:00,Annual,Persons per square kilometre,Lithuania,2018,44.7,,
ESTAT:TPS00003(1.0),25/02/26 23:00:00,Annual,Persons per square kilometre,Lithuania,2019,44.6,,
ESTAT:TPS00003(1.0),25/02/26 23:00:00,Annual,Persons per square kilometre,Lithuania,2020,44.6,,
ESTAT:TPS00003(1.0),25/02/26 23:00:00,Annual,Persons per square kilometre,Lithuania,2021,44.6,,
ESTAT:TPS00003(1.0),25/02/26 23:00:00,Annual,Persons per square kilometre,Lithuania,2022,45.2,,
ESTAT:TPS00003(1.0),25/02/26 23:00:00,Annual,Persons per square kilometre,Lithuania,2023,45.8,,
ESTAT:TPS00003(1.0),25/02/26 23:00:00,Annual,Persons per square kilometre,Lithuania,2024,46.1,,
ESTAT:TPS00003(1.0),25/02/26 23:00:00,Annual,Persons per square kilometre,Luxembourg,2013,210.1,,
ESTAT:TPS00003(1.0),25/02/26 23:00:00,Annual,Persons per square kilometre,Luxembourg,2014,215.1,,
ESTAT:TPS00003(1.0),25/02/26 23:00:00,Annual,Persons per square kilometre,Luxembourg,2015,220.3,,
ESTAT:TPS00003(1.0),25/02/26 23:00:00,Annual,Persons per square kilometre,Luxembourg,2016,225.1,b,
ESTAT:TPS00003(1.0),25/02/26 23:00:00,Annual,Persons per square kilometre,Luxembourg,2017,230.6,,
ESTAT:TPS00003(1.0),25/02/26 23:00:00,Annual,Persons per square kilometre,Luxembourg,2018,235.1,,
ESTAT:TPS00003(1.0),25/02/26 23:00:00,Annual,Persons per square kilometre,Luxembourg,2019,239.8,,
ESTAT:TPS00003(1.0),25/02/26 23:00:00,Annual,Persons per square kilometre,Luxembourg,2020,239.8,,
ESTAT:TPS00003(1.0),25/02/26 23:00:00,Annual,Persons per square kilometre,Luxembourg,2021,243.8,,
ESTAT:TPS00003(1.0),25/02/26 23:00:00,Annual,Persons per square kilometre,Luxembourg,2022,252.6,,
ESTAT:TPS00003(1.0),25/02/26 23:00:00,Annual,Persons per square kilometre,Luxembourg,2023,257.7,,
ESTAT:TPS00003(1.0),25/02/26 23:00:00,Annual,Persons per square kilometre,Luxembourg,2024,261.8,,
ESTAT:TPS00003(1.0),25/02/26 23:00:00,Annual,Persons per square kilometre,Latvia,2013,32.4,,
ESTAT:TPS00003(1.0),25/02/26 23:00:00,Annual,Persons per square kilometre,Latvia,2014,32.0,,
ESTAT:TPS00003(1.0),25/02/26 23:00:00,Annual,Persons per square kilometre,Latvia,2015,31.8,,
ESTAT:TPS00003(1.0),25/02/26 23:00:00,Annual,Persons per square kilometre,Latvia,2016,31.0,b,
ESTAT:TPS00003(1.0),25/02/26 23:00:00,Annual,Persons per square kilometre,Latvia,2017,30.7,,
ESTAT:TPS00003(1.0),25/02/26 23:00:00,Annual,Persons per square kilometre,Latvia,2018,30.4,,
ESTAT:TPS00003(1.0),25/02/26 23:00:00,Annual,Persons per square kilometre,Latvia,2019,30.2,,
ESTAT:TPS00003(1.0),25/02/26 23:00:00,Annual,Persons per square kilometre,Latvia,2020,30.2,,
ESTAT:TPS00003(1.0),25/02/26 23:00:00,Annual,Persons per square kilometre,Latvia,2021,30.0,,
ESTAT:TPS00003(1.0),25/02/26 23:00:00,Annual,Persons per square kilometre,Latvia,2022,29.7,,
ESTAT:TPS00003(1.0),25/02/26 23:00:00,Annual,Persons per square kilometre,Latvia,2023,30.2,,
ESTAT:TPS00003(1.0),25/02/26 23:00:00,Annual,Persons per square kilometre,Latvia,2024,30.0,,
ESTAT:TPS00003(1.0),25/02/26 23:00:00,Annual,Persons per square kilometre,Montenegro,2013,45.0,,
ESTAT:TPS00003(1.0),25/02/26 23:00:00,Annual,Persons per square kilometre,Montenegro,2014,45.0,,
ESTAT:TPS00003(1.0),25/02/26 23:00:00,Annual,Persons per square kilometre,Montenegro,2015,45.0,,
ESTAT:TPS00003(1.0),25/02/26 23:00:00,Annual,Persons per square kilometre,Montenegro,2016,45.7,b,
ESTAT:TPS00003(1.0),25/02/26 23:00:00,Annual,Persons per square kilometre,Montenegro,2017,45.7,,
ESTAT:TPS00003(1.0),25/02/26 23:00:00,Annual,Persons per square kilometre,Montenegro,2018,45.7,,
ESTAT:TPS00003(1.0),25/02/26 23:00:00,Annual,Persons per square kilometre,Montenegro,2019,45.7,,
ESTAT:TPS00003(1.0),25/02/26 23:00:00,Annual,Persons per square kilometre,Montenegro,2020,45.7,,
ESTAT:TPS00003(1.0),25/02/26 23:00:00,Annual,Persons per square kilometre,Montenegro,2021,45.6,,
ESTAT:TPS00003(1.0),25/02/26 23:00:00,Annual,Persons per square kilometre,Montenegro,2022,45.3,,
ESTAT:TPS00003(1.0),25/02/26 23:00:00,Annual,Persons per square kilometre,Montenegro,2023,45.6,,
ESTAT:TPS00003(1.0),25/02/26 23:00:00,Annual,Persons per square kilometre,Montenegro,2024,45.8,,
ESTAT:TPS00003(1.0),25/02/26 23:00:00,Annual,Persons per square kilometre,North Macedonia,2013,82.8,,
ESTAT:TPS00003(1.0),25/02/26 23:00:00,Annual,Persons per square kilometre,North Macedonia,2014,83.0,,
ESTAT:TPS00003(1.0),25/02/26 23:00:00,Annual,Persons per square kilometre,North Macedonia,2015,83.1,,
ESTAT:TPS00003(1.0),25/02/26 23:00:00,Annual,Persons per square kilometre,North Macedonia,2016,83.2,b,
ESTAT:TPS00003(1.0),25/02/26 23:00:00,Annual,Persons per square kilometre,North Macedonia,2017,83.3,,
ESTAT:TPS00003(1.0),25/02/26 23:00:00,Annual,Persons per square kilometre,North Macedonia,2018,83.4,,
ESTAT:TPS00003(1.0),25/02/26 23:00:00,Annual,Persons per square kilometre,North Macedonia,2019,83.4,,
ESTAT:TPS00003(1.0),25/02/26 23:00:00,Annual,Persons per square kilometre,North Macedonia,2020,83.4,,
ESTAT:TPS00003(1.0),25/02/26 23:00:00,Annual,Persons per square kilometre,North Macedonia,2021,83.3,,
ESTAT:TPS00003(1.0),25/02/26 23:00:00,Annual,Persons per square kilometre,North Macedonia,2022,73.7,b,
ESTAT:TPS00003(1.0),25/02/26 23:00:00,Annual,Persons per square kilometre,North Macedonia,2024,73.3,e,
ESTAT:TPS00003(1.0),25/02/26 23:00:00,Annual,Persons per square kilometre,Malta,2013,1348.0,,
ESTAT:TPS00003(1.0),25/02/26 23:00:00,Annual,Persons per square kilometre,Malta,2014,1375.2,,
ESTAT:TPS00003(1.0),25/02/26 23:00:00,Annual,Persons per square kilometre,Malta,2015,1408.4,,
ESTAT:TPS00003(1.0),25/02/26 23:00:00,Annual,Persons per square kilometre,Malta,2016,1450.2,b,
ESTAT:TPS00003(1.0),25/02/26 23:00:00,Annual,Persons per square kilometre,Malta,2017,1495.2,,
ESTAT:TPS00003(1.0),25/02/26 23:00:00,Annual,Persons per square kilometre,Malta,2018,1548.3,,
ESTAT:TPS00003(1.0),25/02/26 23:00:00,Annual,Persons per square kilometre,Malta,2019,1595.1,,
ESTAT:TPS00003(1.0),25/02/26 23:00:00,Annual,Persons per square kilometre,Malta,2020,1610.4,,
ESTAT:TPS00003(1.0),25/02/26 23:00:00,Annual,Persons per square kilometre,Malta,2021,1646.4,,
ESTAT:TPS00003(1.0),25/02/26 23:00:00,Annual,Persons per square kilometre,Malta,2022,1696.8,,
ESTAT:TPS00003(1.0),25/02/26 23:00:00,Annual,Persons per square kilometre,Malta,2023,1766.0,,
ESTAT:TPS00003(1.0),25/02/26 23:00:00,Annual,Persons per square kilometre,Malta,2024,1817.4,,
ESTAT:TPS00003(1.0),25/02/26 23:00:00,Annual,Persons per square kilometre,Netherlands,2013,498.4,,
ESTAT:TPS00003(1.0),25/02/26 23:00:00,Annual,Persons per square kilometre,Netherlands,2014,500.9,,
ESTAT:TPS00003(1.0),25/02/26 23:00:00,Annual,Persons per square kilometre,Netherlands,2015,503.1,,
ESTAT:TPS00003(1.0),25/02/26 23:00:00,Annual,Persons per square kilometre,Netherlands,2016,498.1,b,
ESTAT:TPS00003(1.0),25/02/26 23:00:00,Annual,Persons per square kilometre,Netherlands,2017,501.1,,
ESTAT:TPS00003(1.0),25/02/26 23:00:00,Annual,Persons per square kilometre,Netherlands,2018,504.0,,
ESTAT:TPS00003(1.0),25/02/26 23:00:00,Annual,Persons per square kilometre,Netherlands,2019,507.3,,
ESTAT:TPS00003(1.0),25/02/26 23:00:00,Annual,Persons per square kilometre,Netherlands,2020,507.3,,
ESTAT:TPS00003(1.0),25/02/26 23:00:00,Annual,Persons per square kilometre,Netherlands,2021,510.2,,
ESTAT:TPS00003(1.0),25/02/26 23:00:00,Annual,Persons per square kilometre,Netherlands,2022,517.8,,
ESTAT:TPS00003(1.0),25/02/26 23:00:00,Annual,Persons per square kilometre,Netherlands,2023,526.0,,
ESTAT:TPS00003(1.0),25/02/26 23:00:00,Annual,Persons per square kilometre,Netherlands,2024,529.5,,
ESTAT:TPS00003(1.0),25/02/26 23:00:00,Annual,Persons per square kilometre,Norway,2013,16.7,,
ESTAT:TPS00003(1.0),25/02/26 23:00:00,Annual,Persons per square kilometre,Norway,2014,16.9,,
ESTAT:TPS00003(1.0),25/02/26 23:00:00,Annual,Persons per square kilometre,Norway,2015,17.1,,
ESTAT:TPS00003(1.0),25/02/26 23:00:00,Annual,Persons per square kilometre,Norway,2016,16.9,b,
ESTAT:TPS00003(1.0),25/02/26 23:00:00,Annual,Persons per square kilometre,Norway,2017,17.1,,
ESTAT:TPS00003(1.0),25/02/26 23:00:00,Annual,Persons per square kilometre,Norway,2018,17.2,,
ESTAT:TPS00003(1.0),25/02/26 23:00:00,Annual,Persons per square kilometre,Norway,2019,17.3,,
ESTAT:TPS00003(1.0),25/02/26 23:00:00,Annual,Persons per square kilometre,Norway,2020,17.3,,
ESTAT:TPS00003(1.0),25/02/26 23:00:00,Annual,Persons per square kilometre,Norway,2021,17.4,,
ESTAT:TPS00003(1.0),25/02/26 23:00:00,Annual,Persons per square kilometre,Norway,2022,15.0,,
ESTAT:TPS00003(1.0),25/02/26 23:00:00,Annual,Persons per square kilometre,Norway,2023,15.2,,
ESTAT:TPS00003(1.0),25/02/26 23:00:00,Annual,Persons per square kilometre,Norway,2024,15.3,,
ESTAT:TPS00003(1.0),25/02/26 23:00:00,Annual,Persons per square kilometre,Poland,2013,124.2,,
ESTAT:TPS00003(1.0),25/02/26 23:00:00,Annual,Persons per square kilometre,Poland,2014,123.7,,
ESTAT:TPS00003(1.0),25/02/26 23:00:00,Annual,Persons per square kilometre,Poland,2015,123.6,,
ESTAT:TPS00003(1.0),25/02/26 23:00:00,Annual,Persons per square kilometre,Poland,2016,123.6,b,
ESTAT:TPS00003(1.0),25/02/26 23:00:00,Annual,Persons per square kilometre,Poland,2017,123.6,,
ESTAT:TPS00003(1.0),25/02/26 23:00:00,Annual,Persons per square kilometre,Poland,2018,123.6,,
ESTAT:TPS00003(1.0),25/02/26 23:00:00,Annual,Persons per square kilometre,Poland,2019,123.6,,
ESTAT:TPS00003(1.0),25/02/26 23:00:00,Annual,Persons per square kilometre,Poland,2020,123.6,e,
ESTAT:TPS00003(1.0),25/02/26 23:00:00,Annual,Persons per square kilometre,Poland,2021,123.4,ep,
ESTAT:TPS00003(1.0),25/02/26 23:00:00,Annual,Persons per square kilometre,Poland,2022,119.8,ep,
ESTAT:TPS00003(1.0),25/02/26 23:00:00,Annual,Persons per square kilometre,Poland,2023,119.4,ep,
ESTAT:TPS00003(1.0),25/02/26 23:00:00,Annual,Persons per square kilometre,Poland,2024,119.0,,
ESTAT:TPS00003(1.0),25/02/26 23:00:00,Annual,Persons per square kilometre,Portugal,2013,113.4,,
ESTAT:TPS00003(1.0),25/02/26 23:00:00,Annual,Persons per square kilometre,Portugal,2014,112.8,,
ESTAT:TPS00003(1.0),25/02/26 23:00:00,Annual,Persons per square kilometre,Portugal,2015,112.3,,
ESTAT:TPS00003(1.0),25/02/26 23:00:00,Annual,Persons per square kilometre,Portugal,2016,113.5,b,
ESTAT:TPS00003(1.0),25/02/26 23:00:00,Annual,Persons per square kilometre,Portugal,2017,113.2,,
ESTAT:TPS00003(1.0),25/02/26 23:00:00,Annual,Persons per square kilometre,Portugal,2018,113.0,,
ESTAT:TPS00003(1.0),25/02/26 23:00:00,Annual,Persons per square kilometre,Portugal,2019,113.0,,
ESTAT:TPS00003(1.0),25/02/26 23:00:00,Annual,Persons per square kilometre,Portugal,2020,113.0,,
ESTAT:TPS00003(1.0),25/02/26 23:00:00,Annual,Persons per square kilometre,Portugal,2021,113.2,,
ESTAT:TPS00003(1.0),25/02/26 23:00:00,Annual,Persons per square kilometre,Portugal,2022,115.0,,
ESTAT:TPS00003(1.0),25/02/26 23:00:00,Annual,Persons per square kilometre,Portugal,2023,116.3,,
ESTAT:TPS00003(1.0),25/02/26 23:00:00,Annual,Persons per square kilometre,Portugal,2024,117.6,,
ESTAT:TPS00003(1.0),25/02/26 23:00:00,Annual,Persons per square kilometre,Romania,2013,86.9,,
ESTAT:TPS00003(1.0),25/02/26 23:00:00,Annual,Persons per square kilometre,Romania,2014,86.6,,
ESTAT:TPS00003(1.0),25/02/26 23:00:00,Annual,Persons per square kilometre,Romania,2015,86.1,,
ESTAT:TPS00003(1.0),25/02/26 23:00:00,Annual,Persons per square kilometre,Romania,2016,85.6,,
ESTAT:TPS00003(1.0),25/02/26 23:00:00,Annual,Persons per square kilometre,Romania,2017,85.2,,
ESTAT:TPS00003(1.0),25/02/26 23:00:00,Annual,Persons per square kilometre,Romania,2018,83.1,,
ESTAT:TPS00003(1.0),25/02/26 23:00:00,Annual,Persons per square kilometre,Romania,2019,82.7,,
ESTAT:TPS00003(1.0),25/02/26 23:00:00,Annual,Persons per square kilometre,Romania,2020,82.7,e,
ESTAT:TPS00003(1.0),25/02/26 23:00:00,Annual,Persons per square kilometre,Romania,2021,82.2,e,
ESTAT:TPS00003(1.0),25/02/26 23:00:00,Annual,Persons per square kilometre,Romania,2022,81.3,e,
ESTAT:TPS00003(1.0),25/02/26 23:00:00,Annual,Persons per square kilometre,Romania,2023,81.4,e,
ESTAT:TPS00003(1.0),25/02/26 23:00:00,Annual,Persons per square kilometre,Romania,2024,81.3,e,
ESTAT:TPS00003(1.0),25/02/26 23:00:00,Annual,Persons per square kilometre,Serbia,2017,91.5,,
ESTAT:TPS00003(1.0),25/02/26 23:00:00,Annual,Persons per square kilometre,Serbia,2018,91.0,,
ESTAT:TPS00003(1.0),25/02/26 23:00:00,Annual,Persons per square kilometre,Serbia,2019,90.5,,
ESTAT:TPS00003(1.0),25/02/26 23:00:00,Annual,Persons per square kilometre,Sweden,2013,23.6,,
ESTAT:TPS00003(1.0),25/02/26 23:00:00,Annual,Persons per square kilometre,Sweden,2014,23.8,,
ESTAT:TPS00003(1.0),25/02/26 23:00:00,Annual,Persons per square kilometre,Sweden,2015,24.1,,
ESTAT:TPS00003(1.0),25/02/26 23:00:00,Annual,Persons per square kilometre,Sweden,2016,24.4,b,
ESTAT:TPS00003(1.0),25/02/26 23:00:00,Annual,Persons per square kilometre,Sweden,2017,24.7,,
ESTAT:TPS00003(1.0),25/02/26 23:00:00,Annual,Persons per square kilometre,Sweden,2018,25.0,,
ESTAT:TPS00003(1.0),25/02/26 23:00:00,Annual,Persons per square kilometre,Sweden,2019,25.2,,
ESTAT:TPS00003(1.0),25/02/26 23:00:00,Annual,Persons per square kilometre,Sweden,2020,25.2,,
ESTAT:TPS00003(1.0),25/02/26 23:00:00,Annual,Persons per square kilometre,Sweden,2021,25.4,,
ESTAT:TPS00003(1.0),25/02/26 23:00:00,Annual,Persons per square kilometre,Sweden,2022,25.7,,
ESTAT:TPS00003(1.0),25/02/26 23:00:00,Annual,Persons per square kilometre,Sweden,2023,25.9,,
ESTAT:TPS00003(1.0),25/02/26 23:00:00,Annual,Persons per square kilometre,Sweden,2024,26.0,,
ESTAT:TPS00003(1.0),25/02/26 23:00:00,Annual,Persons per square kilometre,Slovenia,2013,102.3,,
ESTAT:TPS00003(1.0),25/02/26 23:00:00,Annual,Persons per square kilometre,Slovenia,2014,102.4,,
ESTAT:TPS00003(1.0),25/02/26 23:00:00,Annual,Persons per square kilometre,Slovenia,2015,102.4,,
ESTAT:TPS00003(1.0),25/02/26 23:00:00,Annual,Persons per square kilometre,Slovenia,2016,102.5,b,
ESTAT:TPS00003(1.0),25/02/26 23:00:00,Annual,Persons per square kilometre,Slovenia,2017,102.6,,
ESTAT:TPS00003(1.0),25/02/26 23:00:00,Annual,Persons per square kilometre,Slovenia,2018,102.9,,
ESTAT:TPS00003(1.0),25/02/26 23:00:00,Annual,Persons per square kilometre,Slovenia,2019,103.7,,
ESTAT:TPS00003(1.0),25/02/26 23:00:00,Annual,Persons per square kilometre,Slovenia,2020,103.7,,
ESTAT:TPS00003(1.0),25/02/26 23:00:00,Annual,Persons per square kilometre,Slovenia,2021,104.4,,
ESTAT:TPS00003(1.0),25/02/26 23:00:00,Annual,Persons per square kilometre,Slovenia,2022,104.8,,
ESTAT:TPS00003(1.0),25/02/26 23:00:00,Annual,Persons per square kilometre,Slovenia,2023,105.3,,
ESTAT:TPS00003(1.0),25/02/26 23:00:00,Annual,Persons per square kilometre,Slovenia,2024,105.6,,
ESTAT:TPS00003(1.0),25/02/26 23:00:00,Annual,Persons per square kilometre,Slovakia,2013,110.4,,
ESTAT:TPS00003(1.0),25/02/26 23:00:00,Annual,Persons per square kilometre,Slovakia,2014,110.5,,
ESTAT:TPS00003(1.0),25/02/26 23:00:00,Annual,Persons per square kilometre,Slovakia,2015,110.6,,
ESTAT:TPS00003(1.0),25/02/26 23:00:00,Annual,Persons per square kilometre,Slovakia,2016,111.5,b,
ESTAT:TPS00003(1.0),25/02/26 23:00:00,Annual,Persons per square kilometre,Slovakia,2017,111.7,,
ESTAT:TPS00003(1.0),25/02/26 23:00:00,Annual,Persons per square kilometre,Slovakia,2018,111.8,,
ESTAT:TPS00003(1.0),25/02/26 23:00:00,Annual,Persons per square kilometre,Slovakia,2019,112.0,,
ESTAT:TPS00003(1.0),25/02/26 23:00:00,Annual,Persons per square kilometre,Slovakia,2020,112.0,,
ESTAT:TPS00003(1.0),25/02/26 23:00:00,Annual,Persons per square kilometre,Slovakia,2021,112.1,,
ESTAT:TPS00003(1.0),25/02/26 23:00:00,Annual,Persons per square kilometre,Slovakia,2022,111.5,,
ESTAT:TPS00003(1.0),25/02/26 23:00:00,Annual,Persons per square kilometre,Slovakia,2023,111.4,,
ESTAT:TPS00003(1.0),25/02/26 23:00:00,Annual,Persons per square kilometre,Slovakia,2024,111.3,,
ESTAT:TPS00003(1.0),25/02/26 23:00:00,Annual,Persons per square kilometre,Türkiye,2013,98.9,,
ESTAT:TPS00003(1.0),25/02/26 23:00:00,Annual,Persons per square kilometre,Türkiye,2014,100.3,,
ESTAT:TPS00003(1.0),25/02/26 23:00:00,Annual,Persons per square kilometre,Türkiye,2015,101.6,,
ESTAT:TPS00003(1.0),25/02/26 23:00:00,Annual,Persons per square kilometre,Türkiye,2016,103.4,b,
ESTAT:TPS00003(1.0),25/02/26 23:00:00,Annual,Persons per square kilometre,Türkiye,2017,104.8,,
ESTAT:TPS00003(1.0),25/02/26 23:00:00,Annual,Persons per square kilometre,Türkiye,2018,106.2,,
ESTAT:TPS00003(1.0),25/02/26 23:00:00,Annual,Persons per square kilometre,Türkiye,2019,107.7,,
ESTAT:TPS00003(1.0),25/02/26 23:00:00,Annual,Persons per square kilometre,Türkiye,2020,107.7,be,
ESTAT:TPS00003(1.0),25/02/26 23:00:00,Annual,Persons per square kilometre,Türkiye,2021,108.8,,
ESTAT:TPS00003(1.0),25/02/26 23:00:00,Annual,Persons per square kilometre,Türkiye,2022,110.9,,
ESTAT:TPS00003(1.0),25/02/26 23:00:00,Annual,Persons per square kilometre,Türkiye,2023,111.3,,
ESTAT:TPS00003(1.0),25/02/26 23:00:00,Annual,Persons per square kilometre,Türkiye,2024,111.6,,
ESTAT:TPS00003(1.0),25/02/26 23:00:00,Annual,Persons per square kilometre,United Kingdom,2013,264.4,,
ESTAT:TPS00003(1.0),25/02/26 23:00:00,Annual,Persons per square kilometre,United Kingdom,2014,266.4,,
ESTAT:TPS00003(1.0),25/02/26 23:00:00,Annual,Persons per square kilometre,United Kingdom,2015,268.5,,
ESTAT:TPS00003(1.0),25/02/26 23:00:00,Annual,Persons per square kilometre,United Kingdom,2016,270.6,b,
ESTAT:TPS00003(1.0),25/02/26 23:00:00,Annual,Persons per square kilometre,United Kingdom,2017,272.4,,
ESTAT:TPS00003(1.0),25/02/26 23:00:00,Annual,Persons per square kilometre,United Kingdom,2018,273.8,,
ESTAT:TPS00003(1.0),25/02/26 23:00:00,Annual,Persons per square kilometre,United Kingdom,2020,275.3,,
